"Stars","Title","Entry ID","Entry Name","Date Added","Date Modified","PDB CRYST1 a","PDB CRYST1 b","PDB CRYST1 c","PDB CRYST1 alpha","PDB CRYST1 beta","PDB CRYST1 gamma","PDB CRYST1 Space Group","PDB CRYST1 z","PDB format version","Source File Index","Source Path","Source File","prepared","prepared with version","created disulfur","preprocess pH","het states","Potential Energy-S-OPLS","RMS Derivative-S-OPLS","Max Derivative-S-OPLS","Stretch Energy-S-OPLS","Bend Energy-S-OPLS","LJ-14 Energy-S-OPLS","El-14 Energy-S-OPLS","Van der Waals Energy-S-OPLS","Electrostatic Energy-S-OPLS","Dihedral Energy-S-OPLS","target temperature","Job Name","source file","source file index","mmshare version","input","cmdline","Ionization Penalty","Ionization Penalty Charging","Ionization Penalty Neutral","State Penalty","Charging Adjusted Penalty","Tot Q","Tot abs Q","Chemistry Notes","flags","Force Field","Energy","Chiralities Consistent","Variant","grid version","gridbox xcent","gridbox ycent","gridbox zcent","gridbox xrange","gridbox yrange","gridbox zrange","gridbox ligxrange","gridbox ligyrange","gridbox ligzrange","grid type","receptor","glide gridfile","glide lignum","glide rotatable bonds","docking score","glide ligand efficiency","glide ligand efficiency sa","glide ligand efficiency ln","glide gscore","glide lipo","glide hbond","glide metal","glide rewards","glide evdw","glide ecoul","glide erotb","glide esite","glide emodel","glide energy","glide einternal","glide confnum","glide posenum","glide eff state penalty"
,"MYH7_PPS_OM - prepared_ligand","10","MYH7_PPS_OM.1_ligand","18 Jun 2026 18:54","18 Jun 2026 18:57",139.102,139.102,139.102,70.530,109.470,70.530,"P 1",1,"3.0",1,"/home/user320/PPS_Auto_Redock","PPS_Auto_Redock_pv.maegz",true,"2023-4",true,7.400,"eJztVdFqg0AQ/BXxOQTvvNPd/koIIqlJBRuLJoUi+ffu3TUZDbSFQokPvsjueHfjztzgEBfvVdfX7bGIn6LMKJOsIsHK5lw5ZIiVPDdDvHspu0PVu2aT6VytomS7ilypUaYoDUqLMkOZoySUfCspQQk2AhuBjcBGYCOwEdgIbAQ2BhuDjcHGYGOwMdgYbAw2Bht7NqnjtnsWzUdSBhUVBA1aKsgaFNUTwGKF9UB2BzhyBeWD6Ar6B+kVXAgGTAAebWEHOF8ULAruTACnhIZzwTQN/4J1Ci4GAzW8DDaqMcAYjvxwNAL8cM5jPQEwHPlZCMORn4WTe8DezuAwiwLgZ2EYxX4WTu8BzMLmeuh1hf8wxndwDqPc1XirjmVz+pC7kawNa9kZv1ansinCi9oncIi1+lqhhD022nc2yV2TXht1kbbftV0lyPHcNNLWx31b9KduhPRF29WHWo4XcF82fSX7/j3wozu1BH4J/BJ4yWyameznwKeZtQh8mnOKxEun55z4mf3iRxYuiV8S/4jE63Umkn+TeJ9xWZG72xMyLh2RmXPGZ/ZXXzK+ZPzhGbd5/kvGLWszyniS2j9nfHu5fAIF/IJQ",-3119.747,0.086,3.612,384.581,1599.446,3654.346,1403.034,-7575.875,-4422.419,1751.401,298.000,"PPS_Auto_Redock","1_PPS_Ligprep_3.maegz",1,64140,"W0NIM11PQyg9TylOMVtDSDJdW0NIMl1OKFtDSDJdW0NIMl0xKVtDSDJdYzJbY0hdW2NIXVtjSF1jKGMyRilbTkhdQyg9TylbTkhdYzNbY0hdbmMoW0NIM10pW2NIXVtjSF0z","J2VwaWtfcHl0aG9uJywgJy1waCcsICc3LjAnLCAnLXRuJywgJzgnLCAnLW1hJywgJzUwMCcsICctaW1hZScsICc8aW5maWxlLm1hZT4nLCAnLW9tYWUnLCAnPG91dGZpbGUubWFlPic=",0.2035,0.1701,0.0333,0.2000,0.370,1,1,"This compound has an ester and may undergo hydrolysis at high or low pH.",0,"S-OPLS",56.622,true,"MYH7_PPS_OM - prepared_ligand-1",,,,,,,,,,,"",,"PPS_Auto_Grid",1,8,-10.853,-0.374,-1.150,-2.485,-11.053,-3.434,-0.856,0.000,-1.634,-52.135,-20.214,0.848,-0.338,-116.827,-72.349,11.427,82,369,0.200
,"MYH7_PPS_OM - prepared_ligand","11","MYH7_PPS_OM.1_ligand","18 Jun 2026 18:54","18 Jun 2026 18:58",139.102,139.102,139.102,70.530,109.470,70.530,"P 1",1,"3.0",1,"/home/user320/PPS_Auto_Redock","PPS_Auto_Redock_pv.maegz",true,"2023-4",true,7.400,"eJztVdFqg0AQ/BXxOQTvvNPd/koIIqlJBRuLJoUi+ffu3TUZDbSFQokPvsjueHfjztzgEBfvVdfX7bGIn6LMKJOsIsHK5lw5ZIiVPDdDvHspu0PVu2aT6VytomS7ilypUaYoDUqLMkOZoySUfCspQQk2AhuBjcBGYCOwEdgIbAQ2BhuDjcHGYGOwMdgYbAw2Bht7NqnjtnsWzUdSBhUVBA1aKsgaFNUTwGKF9UB2BzhyBeWD6Ar6B+kVXAgGTAAebWEHOF8ULAruTACnhIZzwTQN/4J1Ci4GAzW8DDaqMcAYjvxwNAL8cM5jPQEwHPlZCMORn4WTe8DezuAwiwLgZ2EYxX4WTu8BzMLmeuh1hf8wxndwDqPc1XirjmVz+pC7kawNa9kZv1ansinCi9oncIi1+lqhhD022nc2yV2TXht1kbbftV0lyPHcNNLWx31b9KduhPRF29WHWo4XcF82fSX7/j3wozu1BH4J/BJ4yWyameznwKeZtQh8mnOKxEun55z4mf3iRxYuiV8S/4jE63Umkn+TeJ9xWZG72xMyLh2RmXPGZ/ZXXzK+ZPzhGbd5/kvGLWszyniS2j9nfHu5fAIF/IJQ",-3119.747,0.086,3.612,384.581,1599.446,3654.346,1403.034,-7575.875,-4422.419,1751.401,298.000,"PPS_Auto_Redock","1_PPS_Ligprep_3.maegz",1,64140,"W0NIM11PQyg9TylOMVtDSDJdW0NIMl1OKFtDSDJdW0NIMl0xKVtDSDJdYzJbY0hdW2NIXVtjSF1jKGMyRilbTkhdQyg9TylbTkhdYzNbY0hdbmMoW0NIM10pW2NIXVtjSF0z","J2VwaWtfcHl0aG9uJywgJy1waCcsICc3LjAnLCAnLXRuJywgJzgnLCAnLW1hJywgJzUwMCcsICctaW1hZScsICc8aW5maWxlLm1hZT4nLCAnLW9tYWUnLCAnPG91dGZpbGUubWFlPic=",1.8923,1.8923,0.0000,1.8674,3.760,2,2,"This compound has an ester and may undergo hydrolysis at high or low pH.",0,"S-OPLS",59.908,true,"MYH7_PPS_OM - prepared_ligand-3",,,,,,,,,,,"",,"PPS_Auto_Grid",3,8,-9.599,-0.331,-1.017,-2.198,-11.467,-3.296,-0.960,0.000,-1.649,-50.458,-23.351,0.844,-0.380,-120.732,-73.809,12.165,144,254,1.867
,"MYH7_PPS_OM - prepared_ligand","12","MYH7_PPS_OM.1_ligand","18 Jun 2026 18:54","18 Jun 2026 18:58",139.102,139.102,139.102,70.530,109.470,70.530,"P 1",1,"3.0",1,"/home/user320/PPS_Auto_Redock","PPS_Auto_Redock_pv.maegz",true,"2023-4",true,7.400,"eJztVdFqg0AQ/BXxOQTvvNPd/koIIqlJBRuLJoUi+ffu3TUZDbSFQokPvsjueHfjztzgEBfvVdfX7bGIn6LMKJOsIsHK5lw5ZIiVPDdDvHspu0PVu2aT6VytomS7ilypUaYoDUqLMkOZoySUfCspQQk2AhuBjcBGYCOwEdgIbAQ2BhuDjcHGYGOwMdgYbAw2Bht7NqnjtnsWzUdSBhUVBA1aKsgaFNUTwGKF9UB2BzhyBeWD6Ar6B+kVXAgGTAAebWEHOF8ULAruTACnhIZzwTQN/4J1Ci4GAzW8DDaqMcAYjvxwNAL8cM5jPQEwHPlZCMORn4WTe8DezuAwiwLgZ2EYxX4WTu8BzMLmeuh1hf8wxndwDqPc1XirjmVz+pC7kawNa9kZv1ansinCi9oncIi1+lqhhD022nc2yV2TXht1kbbftV0lyPHcNNLWx31b9KduhPRF29WHWo4XcF82fSX7/j3wozu1BH4J/BJ4yWyameznwKeZtQh8mnOKxEun55z4mf3iRxYuiV8S/4jE63Umkn+TeJ9xWZG72xMyLh2RmXPGZ/ZXXzK+ZPzhGbd5/kvGLWszyniS2j9nfHu5fAIF/IJQ",-3119.747,0.086,3.612,384.581,1599.446,3654.346,1403.034,-7575.875,-4422.419,1751.401,298.000,"PPS_Auto_Redock","1_PPS_Ligprep_3.maegz",1,64140,"W0NIM11PQyg9TylOMVtDSDJdW0NIMl1OKFtDSDJdW0NIMl0xKVtDSDJdYzJbY0hdW2NIXVtjSF1jKGMyRilbTkhdQyg9TylbTkhdYzNbY0hdbmMoW0NIM10pW2NIXVtjSF0z","J2VwaWtfcHl0aG9uJywgJy1waCcsICc3LjAnLCAnLXRuJywgJzgnLCAnLW1hJywgJzUwMCcsICctaW1hZScsICc8aW5maWxlLm1hZT4nLCAnLW9tYWUnLCAnPG91dGZpbGUubWFlPic=",1.8923,1.8923,0.0000,1.8674,3.760,2,2,"This compound has an ester and may undergo hydrolysis at high or low pH.",0,"S-OPLS",59.908,true,"MYH7_PPS_OM - prepared_ligand-3",,,,,,,,,,,"",,"PPS_Auto_Grid",3,8,-9.396,-0.324,-0.995,-2.152,-11.264,-3.098,-0.960,0.000,-1.632,-51.107,-23.419,0.844,-0.350,-122.048,-74.526,9.093,144,329,1.867
,"MYH7_PPS_OM - prepared_ligand","13","MYH7_PPS_OM.1_ligand","18 Jun 2026 18:54","18 Jun 2026 18:58",139.102,139.102,139.102,70.530,109.470,70.530,"P 1",1,"3.0",1,"/home/user320/PPS_Auto_Redock","PPS_Auto_Redock_pv.maegz",true,"2023-4",true,7.400,"eJztVdFqg0AQ/BXxOQTvvNPd/koIIqlJBRuLJoUi+ffu3TUZDbSFQokPvsjueHfjztzgEBfvVdfX7bGIn6LMKJOsIsHK5lw5ZIiVPDdDvHspu0PVu2aT6VytomS7ilypUaYoDUqLMkOZoySUfCspQQk2AhuBjcBGYCOwEdgIbAQ2BhuDjcHGYGOwMdgYbAw2Bht7NqnjtnsWzUdSBhUVBA1aKsgaFNUTwGKF9UB2BzhyBeWD6Ar6B+kVXAgGTAAebWEHOF8ULAruTACnhIZzwTQN/4J1Ci4GAzW8DDaqMcAYjvxwNAL8cM5jPQEwHPlZCMORn4WTe8DezuAwiwLgZ2EYxX4WTu8BzMLmeuh1hf8wxndwDqPc1XirjmVz+pC7kawNa9kZv1ansinCi9oncIi1+lqhhD022nc2yV2TXht1kbbftV0lyPHcNNLWx31b9KduhPRF29WHWo4XcF82fSX7/j3wozu1BH4J/BJ4yWyameznwKeZtQh8mnOKxEun55z4mf3iRxYuiV8S/4jE63Umkn+TeJ9xWZG72xMyLh2RmXPGZ/ZXXzK+ZPzhGbd5/kvGLWszyniS2j9nfHu5fAIF/IJQ",-3119.747,0.086,3.612,384.581,1599.446,3654.346,1403.034,-7575.875,-4422.419,1751.401,298.000,"PPS_Auto_Redock","1_PPS_Ligprep_3.maegz",1,64140,"W0NIM11PQyg9TylOMVtDSDJdW0NIMl1OKFtDSDJdW0NIMl0xKVtDSDJdYzJbY0hdW2NIXVtjSF1jKGMyRilbTkhdQyg9TylbTkhdYzNbY0hdbmMoW0NIM10pW2NIXVtjSF0z","J2VwaWtfcHl0aG9uJywgJy1waCcsICc3LjAnLCAnLXRuJywgJzgnLCAnLW1hJywgJzUwMCcsICctaW1hZScsICc8aW5maWxlLm1hZT4nLCAnLW9tYWUnLCAnPG91dGZpbGUubWFlPic=",0.8607,0.0000,0.8607,0.8736,0.874,0,0,"This compound has an ester and may undergo hydrolysis at high or low pH.",0,"S-OPLS",63.759,true,"MYH7_PPS_OM - prepared_ligand-2",,,,,,,,,,,"",,"PPS_Auto_Grid",2,8,-9.294,-0.320,-0.985,-2.128,-10.167,-3.397,-0.960,0.000,-1.648,-53.163,-13.405,0.852,-0.345,-106.476,-66.568,10.076,226,277,0.874
,"MYH7_PPS_OM - prepared_ligand","14","MYH7_PPS_OM.1_ligand","18 Jun 2026 18:54","18 Jun 2026 18:58",139.102,139.102,139.102,70.530,109.470,70.530,"P 1",1,"3.0",1,"/home/user320/PPS_Auto_Redock","PPS_Auto_Redock_pv.maegz",true,"2023-4",true,7.400,"eJztVdFqg0AQ/BXxOQTvvNPd/koIIqlJBRuLJoUi+ffu3TUZDbSFQokPvsjueHfjztzgEBfvVdfX7bGIn6LMKJOsIsHK5lw5ZIiVPDdDvHspu0PVu2aT6VytomS7ilypUaYoDUqLMkOZoySUfCspQQk2AhuBjcBGYCOwEdgIbAQ2BhuDjcHGYGOwMdgYbAw2Bht7NqnjtnsWzUdSBhUVBA1aKsgaFNUTwGKF9UB2BzhyBeWD6Ar6B+kVXAgGTAAebWEHOF8ULAruTACnhIZzwTQN/4J1Ci4GAzW8DDaqMcAYjvxwNAL8cM5jPQEwHPlZCMORn4WTe8DezuAwiwLgZ2EYxX4WTu8BzMLmeuh1hf8wxndwDqPc1XirjmVz+pC7kawNa9kZv1ansinCi9oncIi1+lqhhD022nc2yV2TXht1kbbftV0lyPHcNNLWx31b9KduhPRF29WHWo4XcF82fSX7/j3wozu1BH4J/BJ4yWyameznwKeZtQh8mnOKxEun55z4mf3iRxYuiV8S/4jE63Umkn+TeJ9xWZG72xMyLh2RmXPGZ/ZXXzK+ZPzhGbd5/kvGLWszyniS2j9nfHu5fAIF/IJQ",-3119.747,0.086,3.612,384.581,1599.446,3654.346,1403.034,-7575.875,-4422.419,1751.401,298.000,"PPS_Auto_Redock","1_PPS_Ligprep_3.maegz",1,64140,"W0NIM11PQyg9TylOMVtDSDJdW0NIMl1OKFtDSDJdW0NIMl0xKVtDSDJdYzJbY0hdW2NIXVtjSF1jKGMyRilbTkhdQyg9TylbTkhdYzNbY0hdbmMoW0NIM10pW2NIXVtjSF0z","J2VwaWtfcHl0aG9uJywgJy1waCcsICc3LjAnLCAnLXRuJywgJzgnLCAnLW1hJywgJzUwMCcsICctaW1hZScsICc8aW5maWxlLm1hZT4nLCAnLW9tYWUnLCAnPG91dGZpbGUubWFlPic=",1.8923,1.8923,0.0000,1.8674,3.760,2,2,"This compound has an ester and may undergo hydrolysis at high or low pH.",0,"S-OPLS",59.908,true,"MYH7_PPS_OM - prepared_ligand-3",,,,,,,,,,,"",,"PPS_Auto_Grid",3,8,-9.143,-0.315,-0.969,-2.094,-11.010,-3.183,-0.846,0.000,-1.622,-50.258,-22.199,0.844,-0.362,-117.782,-72.456,11.208,25,344,1.867
,"MYH7_PPS_OM - prepared_ligand","15","MYH7_PPS_OM.1_ligand","18 Jun 2026 18:54","18 Jun 2026 18:58",139.102,139.102,139.102,70.530,109.470,70.530,"P 1",1,"3.0",1,"/home/user320/PPS_Auto_Redock","PPS_Auto_Redock_pv.maegz",true,"2023-4",true,7.400,"eJztVdFqg0AQ/BXxOQTvvNPd/koIIqlJBRuLJoUi+ffu3TUZDbSFQokPvsjueHfjztzgEBfvVdfX7bGIn6LMKJOsIsHK5lw5ZIiVPDdDvHspu0PVu2aT6VytomS7ilypUaYoDUqLMkOZoySUfCspQQk2AhuBjcBGYCOwEdgIbAQ2BhuDjcHGYGOwMdgYbAw2Bht7NqnjtnsWzUdSBhUVBA1aKsgaFNUTwGKF9UB2BzhyBeWD6Ar6B+kVXAgGTAAebWEHOF8ULAruTACnhIZzwTQN/4J1Ci4GAzW8DDaqMcAYjvxwNAL8cM5jPQEwHPlZCMORn4WTe8DezuAwiwLgZ2EYxX4WTu8BzMLmeuh1hf8wxndwDqPc1XirjmVz+pC7kawNa9kZv1ansinCi9oncIi1+lqhhD022nc2yV2TXht1kbbftV0lyPHcNNLWx31b9KduhPRF29WHWo4XcF82fSX7/j3wozu1BH4J/BJ4yWyameznwKeZtQh8mnOKxEun55z4mf3iRxYuiV8S/4jE63Umkn+TeJ9xWZG72xMyLh2RmXPGZ/ZXXzK+ZPzhGbd5/kvGLWszyniS2j9nfHu5fAIF/IJQ",-3119.747,0.086,3.612,384.581,1599.446,3654.346,1403.034,-7575.875,-4422.419,1751.401,298.000,"PPS_Auto_Redock","1_PPS_Ligprep_3.maegz",1,64140,"W0NIM11PQyg9TylOMVtDSDJdW0NIMl1OKFtDSDJdW0NIMl0xKVtDSDJdYzJbY0hdW2NIXVtjSF1jKGMyRilbTkhdQyg9TylbTkhdYzNbY0hdbmMoW0NIM10pW2NIXVtjSF0z","J2VwaWtfcHl0aG9uJywgJy1waCcsICc3LjAnLCAnLXRuJywgJzgnLCAnLW1hJywgJzUwMCcsICctaW1hZScsICc8aW5maWxlLm1hZT4nLCAnLW9tYWUnLCAnPG91dGZpbGUubWFlPic=",0.2035,0.1701,0.0333,0.2000,0.370,1,1,"This compound has an ester and may undergo hydrolysis at high or low pH.",0,"S-OPLS",56.622,true,"MYH7_PPS_OM - prepared_ligand-1",,,,,,,,,,,"",,"PPS_Auto_Grid",1,8,-9.094,-0.314,-0.963,-2.082,-9.294,-3.964,-0.519,0.000,-1.219,-49.506,-12.494,0.848,-0.091,-97.964,-62.000,12.354,82,346,0.200
,"MYH7_PPS_OM - prepared_ligand","16","MYH7_PPS_OM.1_ligand","18 Jun 2026 18:54","18 Jun 2026 18:58",139.102,139.102,139.102,70.530,109.470,70.530,"P 1",1,"3.0",1,"/home/user320/PPS_Auto_Redock","PPS_Auto_Redock_pv.maegz",true,"2023-4",true,7.400,"eJztVdFqg0AQ/BXxOQTvvNPd/koIIqlJBRuLJoUi+ffu3TUZDbSFQokPvsjueHfjztzgEBfvVdfX7bGIn6LMKJOsIsHK5lw5ZIiVPDdDvHspu0PVu2aT6VytomS7ilypUaYoDUqLMkOZoySUfCspQQk2AhuBjcBGYCOwEdgIbAQ2BhuDjcHGYGOwMdgYbAw2Bht7NqnjtnsWzUdSBhUVBA1aKsgaFNUTwGKF9UB2BzhyBeWD6Ar6B+kVXAgGTAAebWEHOF8ULAruTACnhIZzwTQN/4J1Ci4GAzW8DDaqMcAYjvxwNAL8cM5jPQEwHPlZCMORn4WTe8DezuAwiwLgZ2EYxX4WTu8BzMLmeuh1hf8wxndwDqPc1XirjmVz+pC7kawNa9kZv1ansinCi9oncIi1+lqhhD022nc2yV2TXht1kbbftV0lyPHcNNLWx31b9KduhPRF29WHWo4XcF82fSX7/j3wozu1BH4J/BJ4yWyameznwKeZtQh8mnOKxEun55z4mf3iRxYuiV8S/4jE63Umkn+TeJ9xWZG72xMyLh2RmXPGZ/ZXXzK+ZPzhGbd5/kvGLWszyniS2j9nfHu5fAIF/IJQ",-3119.747,0.086,3.612,384.581,1599.446,3654.346,1403.034,-7575.875,-4422.419,1751.401,298.000,"PPS_Auto_Redock","1_PPS_Ligprep_3.maegz",1,64140,"W0NIM11PQyg9TylOMVtDSDJdW0NIMl1OKFtDSDJdW0NIMl0xKVtDSDJdYzJbY0hdW2NIXVtjSF1jKGMyRilbTkhdQyg9TylbTkhdYzNbY0hdbmMoW0NIM10pW2NIXVtjSF0z","J2VwaWtfcHl0aG9uJywgJy1waCcsICc3LjAnLCAnLXRuJywgJzgnLCAnLW1hJywgJzUwMCcsICctaW1hZScsICc8aW5maWxlLm1hZT4nLCAnLW9tYWUnLCAnPG91dGZpbGUubWFlPic=",1.8923,1.8923,0.0000,1.8674,3.760,2,2,"This compound has an ester and may undergo hydrolysis at high or low pH.",0,"S-OPLS",59.908,true,"MYH7_PPS_OM - prepared_ligand-3",,,,,,,,,,,"",,"PPS_Auto_Grid",3,8,-9.060,-0.312,-0.960,-2.074,-10.927,-3.113,-0.960,0.000,-1.649,-49.271,-21.583,0.844,-0.348,-118.286,-70.854,6.178,175,382,1.867
,"MYH7_PPS_OM - prepared_ligand","17","MYH7_PPS_OM.1_ligand","18 Jun 2026 18:54","18 Jun 2026 18:58",139.102,139.102,139.102,70.530,109.470,70.530,"P 1",1,"3.0",1,"/home/user320/PPS_Auto_Redock","PPS_Auto_Redock_pv.maegz",true,"2023-4",true,7.400,"eJztVdFqg0AQ/BXxOQTvvNPd/koIIqlJBRuLJoUi+ffu3TUZDbSFQokPvsjueHfjztzgEBfvVdfX7bGIn6LMKJOsIsHK5lw5ZIiVPDdDvHspu0PVu2aT6VytomS7ilypUaYoDUqLMkOZoySUfCspQQk2AhuBjcBGYCOwEdgIbAQ2BhuDjcHGYGOwMdgYbAw2Bht7NqnjtnsWzUdSBhUVBA1aKsgaFNUTwGKF9UB2BzhyBeWD6Ar6B+kVXAgGTAAebWEHOF8ULAruTACnhIZzwTQN/4J1Ci4GAzW8DDaqMcAYjvxwNAL8cM5jPQEwHPlZCMORn4WTe8DezuAwiwLgZ2EYxX4WTu8BzMLmeuh1hf8wxndwDqPc1XirjmVz+pC7kawNa9kZv1ansinCi9oncIi1+lqhhD022nc2yV2TXht1kbbftV0lyPHcNNLWx31b9KduhPRF29WHWo4XcF82fSX7/j3wozu1BH4J/BJ4yWyameznwKeZtQh8mnOKxEun55z4mf3iRxYuiV8S/4jE63Umkn+TeJ9xWZG72xMyLh2RmXPGZ/ZXXzK+ZPzhGbd5/kvGLWszyniS2j9nfHu5fAIF/IJQ",-3119.747,0.086,3.612,384.581,1599.446,3654.346,1403.034,-7575.875,-4422.419,1751.401,298.000,"PPS_Auto_Redock","1_PPS_Ligprep_3.maegz",1,64140,"W0NIM11PQyg9TylOMVtDSDJdW0NIMl1OKFtDSDJdW0NIMl0xKVtDSDJdYzJbY0hdW2NIXVtjSF1jKGMyRilbTkhdQyg9TylbTkhdYzNbY0hdbmMoW0NIM10pW2NIXVtjSF0z","J2VwaWtfcHl0aG9uJywgJy1waCcsICc3LjAnLCAnLXRuJywgJzgnLCAnLW1hJywgJzUwMCcsICctaW1hZScsICc8aW5maWxlLm1hZT4nLCAnLW9tYWUnLCAnPG91dGZpbGUubWFlPic=",0.8607,0.0000,0.8607,0.8736,0.874,0,0,"This compound has an ester and may undergo hydrolysis at high or low pH.",0,"S-OPLS",63.759,true,"MYH7_PPS_OM - prepared_ligand-2",,,,,,,,,,,"",,"PPS_Auto_Grid",2,8,-8.889,-0.307,-0.942,-2.035,-9.762,-3.199,-0.960,0.000,-1.632,-53.579,-11.922,0.852,-0.356,-104.904,-65.501,7.459,49,183,0.874
,"MYH7_PPS_OM - prepared_ligand","18","MYH7_PPS_OM.1_ligand","18 Jun 2026 18:54","18 Jun 2026 18:58",139.102,139.102,139.102,70.530,109.470,70.530,"P 1",1,"3.0",1,"/home/user320/PPS_Auto_Redock","PPS_Auto_Redock_pv.maegz",true,"2023-4",true,7.400,"eJztVdFqg0AQ/BXxOQTvvNPd/koIIqlJBRuLJoUi+ffu3TUZDbSFQokPvsjueHfjztzgEBfvVdfX7bGIn6LMKJOsIsHK5lw5ZIiVPDdDvHspu0PVu2aT6VytomS7ilypUaYoDUqLMkOZoySUfCspQQk2AhuBjcBGYCOwEdgIbAQ2BhuDjcHGYGOwMdgYbAw2Bht7NqnjtnsWzUdSBhUVBA1aKsgaFNUTwGKF9UB2BzhyBeWD6Ar6B+kVXAgGTAAebWEHOF8ULAruTACnhIZzwTQN/4J1Ci4GAzW8DDaqMcAYjvxwNAL8cM5jPQEwHPlZCMORn4WTe8DezuAwiwLgZ2EYxX4WTu8BzMLmeuh1hf8wxndwDqPc1XirjmVz+pC7kawNa9kZv1ansinCi9oncIi1+lqhhD022nc2yV2TXht1kbbftV0lyPHcNNLWx31b9KduhPRF29WHWo4XcF82fSX7/j3wozu1BH4J/BJ4yWyameznwKeZtQh8mnOKxEun55z4mf3iRxYuiV8S/4jE63Umkn+TeJ9xWZG72xMyLh2RmXPGZ/ZXXzK+ZPzhGbd5/kvGLWszyniS2j9nfHu5fAIF/IJQ",-3119.747,0.086,3.612,384.581,1599.446,3654.346,1403.034,-7575.875,-4422.419,1751.401,298.000,"PPS_Auto_Redock","1_PPS_Ligprep_3.maegz",1,64140,"W0NIM11PQyg9TylOMVtDSDJdW0NIMl1OKFtDSDJdW0NIMl0xKVtDSDJdYzJbY0hdW2NIXVtjSF1jKGMyRilbTkhdQyg9TylbTkhdYzNbY0hdbmMoW0NIM10pW2NIXVtjSF0z","J2VwaWtfcHl0aG9uJywgJy1waCcsICc3LjAnLCAnLXRuJywgJzgnLCAnLW1hJywgJzUwMCcsICctaW1hZScsICc8aW5maWxlLm1hZT4nLCAnLW9tYWUnLCAnPG91dGZpbGUubWFlPic=",0.8607,0.0000,0.8607,0.8736,0.874,0,0,"This compound has an ester and may undergo hydrolysis at high or low pH.",0,"S-OPLS",63.759,true,"MYH7_PPS_OM - prepared_ligand-2",,,,,,,,,,,"",,"PPS_Auto_Grid",2,8,-8.876,-0.306,-0.940,-2.032,-9.749,-3.195,-0.938,0.000,-1.644,-53.030,-12.221,0.852,-0.340,-103.235,-65.250,10.266,176,336,0.874
,"MYH7_PPS_OM - prepared_ligand","19","MYH7_PPS_OM.1_ligand","18 Jun 2026 18:54","18 Jun 2026 18:58",139.102,139.102,139.102,70.530,109.470,70.530,"P 1",1,"3.0",1,"/home/user320/PPS_Auto_Redock","PPS_Auto_Redock_pv.maegz",true,"2023-4",true,7.400,"eJztVdFqg0AQ/BXxOQTvvNPd/koIIqlJBRuLJoUi+ffu3TUZDbSFQokPvsjueHfjztzgEBfvVdfX7bGIn6LMKJOsIsHK5lw5ZIiVPDdDvHspu0PVu2aT6VytomS7ilypUaYoDUqLMkOZoySUfCspQQk2AhuBjcBGYCOwEdgIbAQ2BhuDjcHGYGOwMdgYbAw2Bht7NqnjtnsWzUdSBhUVBA1aKsgaFNUTwGKF9UB2BzhyBeWD6Ar6B+kVXAgGTAAebWEHOF8ULAruTACnhIZzwTQN/4J1Ci4GAzW8DDaqMcAYjvxwNAL8cM5jPQEwHPlZCMORn4WTe8DezuAwiwLgZ2EYxX4WTu8BzMLmeuh1hf8wxndwDqPc1XirjmVz+pC7kawNa9kZv1ansinCi9oncIi1+lqhhD022nc2yV2TXht1kbbftV0lyPHcNNLWx31b9KduhPRF29WHWo4XcF82fSX7/j3wozu1BH4J/BJ4yWyameznwKeZtQh8mnOKxEun55z4mf3iRxYuiV8S/4jE63Umkn+TeJ9xWZG72xMyLh2RmXPGZ/ZXXzK+ZPzhGbd5/kvGLWszyniS2j9nfHu5fAIF/IJQ",-3119.747,0.086,3.612,384.581,1599.446,3654.346,1403.034,-7575.875,-4422.419,1751.401,298.000,"PPS_Auto_Redock","1_PPS_Ligprep_3.maegz",1,64140,"W0NIM11PQyg9TylOMVtDSDJdW0NIMl1OKFtDSDJdW0NIMl0xKVtDSDJdYzJbY0hdW2NIXVtjSF1jKGMyRilbTkhdQyg9TylbTkhdYzNbY0hdbmMoW0NIM10pW2NIXVtjSF0z","J2VwaWtfcHl0aG9uJywgJy1waCcsICc3LjAnLCAnLXRuJywgJzgnLCAnLW1hJywgJzUwMCcsICctaW1hZScsICc8aW5maWxlLm1hZT4nLCAnLW9tYWUnLCAnPG91dGZpbGUubWFlPic=",0.2035,0.1701,0.0333,0.2000,0.370,1,1,"This compound has an ester and may undergo hydrolysis at high or low pH.",0,"S-OPLS",56.622,true,"MYH7_PPS_OM - prepared_ligand-1",,,,,,,,,,,"",,"PPS_Auto_Grid",1,8,-8.714,-0.300,-0.923,-1.995,-8.914,-4.216,-0.011,0.000,-1.726,-50.762,-8.466,0.848,0.000,-94.247,-59.228,10.699,25,215,0.200
,"MYH7_PPS_OM - prepared_ligand","20","MYH7_PPS_OM.1_ligand","18 Jun 2026 18:54","18 Jun 2026 18:58",139.102,139.102,139.102,70.530,109.470,70.530,"P 1",1,"3.0",1,"/home/user320/PPS_Auto_Redock","PPS_Auto_Redock_pv.maegz",true,"2023-4",true,7.400,"eJztVdFqg0AQ/BXxOQTvvNPd/koIIqlJBRuLJoUi+ffu3TUZDbSFQokPvsjueHfjztzgEBfvVdfX7bGIn6LMKJOsIsHK5lw5ZIiVPDdDvHspu0PVu2aT6VytomS7ilypUaYoDUqLMkOZoySUfCspQQk2AhuBjcBGYCOwEdgIbAQ2BhuDjcHGYGOwMdgYbAw2Bht7NqnjtnsWzUdSBhUVBA1aKsgaFNUTwGKF9UB2BzhyBeWD6Ar6B+kVXAgGTAAebWEHOF8ULAruTACnhIZzwTQN/4J1Ci4GAzW8DDaqMcAYjvxwNAL8cM5jPQEwHPlZCMORn4WTe8DezuAwiwLgZ2EYxX4WTu8BzMLmeuh1hf8wxndwDqPc1XirjmVz+pC7kawNa9kZv1ansinCi9oncIi1+lqhhD022nc2yV2TXht1kbbftV0lyPHcNNLWx31b9KduhPRF29WHWo4XcF82fSX7/j3wozu1BH4J/BJ4yWyameznwKeZtQh8mnOKxEun55z4mf3iRxYuiV8S/4jE63Umkn+TeJ9xWZG72xMyLh2RmXPGZ/ZXXzK+ZPzhGbd5/kvGLWszyniS2j9nfHu5fAIF/IJQ",-3119.747,0.086,3.612,384.581,1599.446,3654.346,1403.034,-7575.875,-4422.419,1751.401,298.000,"PPS_Auto_Redock","1_PPS_Ligprep_3.maegz",1,64140,"W0NIM11PQyg9TylOMVtDSDJdW0NIMl1OKFtDSDJdW0NIMl0xKVtDSDJdYzJbY0hdW2NIXVtjSF1jKGMyRilbTkhdQyg9TylbTkhdYzNbY0hdbmMoW0NIM10pW2NIXVtjSF0z","J2VwaWtfcHl0aG9uJywgJy1waCcsICc3LjAnLCAnLXRuJywgJzgnLCAnLW1hJywgJzUwMCcsICctaW1hZScsICc8aW5maWxlLm1hZT4nLCAnLW9tYWUnLCAnPG91dGZpbGUubWFlPic=",0.2035,0.1701,0.0333,0.2000,0.370,1,1,"This compound has an ester and may undergo hydrolysis at high or low pH.",0,"S-OPLS",56.622,true,"MYH7_PPS_OM - prepared_ligand-1",,,,,,,,,,,"",,"PPS_Auto_Grid",1,8,-8.708,-0.300,-0.923,-1.994,-8.908,-4.270,-0.062,0.000,-1.858,-48.074,-7.742,0.848,0.000,-91.539,-55.815,9.279,25,99,0.200
,"MYH7_PPS_OM - prepared_ligand","21","MYH7_PPS_OM.1_ligand","18 Jun 2026 18:54","18 Jun 2026 18:58",139.102,139.102,139.102,70.530,109.470,70.530,"P 1",1,"3.0",1,"/home/user320/PPS_Auto_Redock","PPS_Auto_Redock_pv.maegz",true,"2023-4",true,7.400,"eJztVdFqg0AQ/BXxOQTvvNPd/koIIqlJBRuLJoUi+ffu3TUZDbSFQokPvsjueHfjztzgEBfvVdfX7bGIn6LMKJOsIsHK5lw5ZIiVPDdDvHspu0PVu2aT6VytomS7ilypUaYoDUqLMkOZoySUfCspQQk2AhuBjcBGYCOwEdgIbAQ2BhuDjcHGYGOwMdgYbAw2Bht7NqnjtnsWzUdSBhUVBA1aKsgaFNUTwGKF9UB2BzhyBeWD6Ar6B+kVXAgGTAAebWEHOF8ULAruTACnhIZzwTQN/4J1Ci4GAzW8DDaqMcAYjvxwNAL8cM5jPQEwHPlZCMORn4WTe8DezuAwiwLgZ2EYxX4WTu8BzMLmeuh1hf8wxndwDqPc1XirjmVz+pC7kawNa9kZv1ansinCi9oncIi1+lqhhD022nc2yV2TXht1kbbftV0lyPHcNNLWx31b9KduhPRF29WHWo4XcF82fSX7/j3wozu1BH4J/BJ4yWyameznwKeZtQh8mnOKxEun55z4mf3iRxYuiV8S/4jE63Umkn+TeJ9xWZG72xMyLh2RmXPGZ/ZXXzK+ZPzhGbd5/kvGLWszyniS2j9nfHu5fAIF/IJQ",-3119.747,0.086,3.612,384.581,1599.446,3654.346,1403.034,-7575.875,-4422.419,1751.401,298.000,"PPS_Auto_Redock","1_PPS_Ligprep_3.maegz",1,64140,"W0NIM11PQyg9TylOMVtDSDJdW0NIMl1OKFtDSDJdW0NIMl0xKVtDSDJdYzJbY0hdW2NIXVtjSF1jKGMyRilbTkhdQyg9TylbTkhdYzNbY0hdbmMoW0NIM10pW2NIXVtjSF0z","J2VwaWtfcHl0aG9uJywgJy1waCcsICc3LjAnLCAnLXRuJywgJzgnLCAnLW1hJywgJzUwMCcsICctaW1hZScsICc8aW5maWxlLm1hZT4nLCAnLW9tYWUnLCAnPG91dGZpbGUubWFlPic=",0.2035,0.1701,0.0333,0.2000,0.370,1,1,"This compound has an ester and may undergo hydrolysis at high or low pH.",0,"S-OPLS",56.622,true,"MYH7_PPS_OM - prepared_ligand-1",,,,,,,,,,,"",,"PPS_Auto_Grid",1,8,-8.702,-0.300,-0.922,-1.993,-8.902,-4.316,-0.055,0.000,-1.613,-44.686,-10.210,0.848,0.000,-90.776,-54.897,8.776,190,50,0.200
,"MYH7_PPS_OM - prepared_ligand","22","MYH7_PPS_OM.1_ligand","18 Jun 2026 18:54","18 Jun 2026 18:58",139.102,139.102,139.102,70.530,109.470,70.530,"P 1",1,"3.0",1,"/home/user320/PPS_Auto_Redock","PPS_Auto_Redock_pv.maegz",true,"2023-4",true,7.400,"eJztVdFqg0AQ/BXxOQTvvNPd/koIIqlJBRuLJoUi+ffu3TUZDbSFQokPvsjueHfjztzgEBfvVdfX7bGIn6LMKJOsIsHK5lw5ZIiVPDdDvHspu0PVu2aT6VytomS7ilypUaYoDUqLMkOZoySUfCspQQk2AhuBjcBGYCOwEdgIbAQ2BhuDjcHGYGOwMdgYbAw2Bht7NqnjtnsWzUdSBhUVBA1aKsgaFNUTwGKF9UB2BzhyBeWD6Ar6B+kVXAgGTAAebWEHOF8ULAruTACnhIZzwTQN/4J1Ci4GAzW8DDaqMcAYjvxwNAL8cM5jPQEwHPlZCMORn4WTe8DezuAwiwLgZ2EYxX4WTu8BzMLmeuh1hf8wxndwDqPc1XirjmVz+pC7kawNa9kZv1ansinCi9oncIi1+lqhhD022nc2yV2TXht1kbbftV0lyPHcNNLWx31b9KduhPRF29WHWo4XcF82fSX7/j3wozu1BH4J/BJ4yWyameznwKeZtQh8mnOKxEun55z4mf3iRxYuiV8S/4jE63Umkn+TeJ9xWZG72xMyLh2RmXPGZ/ZXXzK+ZPzhGbd5/kvGLWszyniS2j9nfHu5fAIF/IJQ",-3119.747,0.086,3.612,384.581,1599.446,3654.346,1403.034,-7575.875,-4422.419,1751.401,298.000,"PPS_Auto_Redock","1_PPS_Ligprep_3.maegz",1,64140,"W0NIM11PQyg9TylOMVtDSDJdW0NIMl1OKFtDSDJdW0NIMl0xKVtDSDJdYzJbY0hdW2NIXVtjSF1jKGMyRilbTkhdQyg9TylbTkhdYzNbY0hdbmMoW0NIM10pW2NIXVtjSF0z","J2VwaWtfcHl0aG9uJywgJy1waCcsICc3LjAnLCAnLXRuJywgJzgnLCAnLW1hJywgJzUwMCcsICctaW1hZScsICc8aW5maWxlLm1hZT4nLCAnLW9tYWUnLCAnPG91dGZpbGUubWFlPic=",0.2035,0.1701,0.0333,0.2000,0.370,1,1,"This compound has an ester and may undergo hydrolysis at high or low pH.",0,"S-OPLS",56.622,true,"MYH7_PPS_OM - prepared_ligand-1",,,,,,,,,,,"",,"PPS_Auto_Grid",1,8,-8.557,-0.295,-0.907,-1.959,-8.757,-2.468,-0.463,0.000,-1.744,-41.439,-17.058,0.848,-0.300,-92.192,-58.497,12.186,144,310,0.200
,"MYH7_PPS_OM - prepared_ligand","23","MYH7_PPS_OM.1_ligand","18 Jun 2026 18:54","18 Jun 2026 18:58",139.102,139.102,139.102,70.530,109.470,70.530,"P 1",1,"3.0",1,"/home/user320/PPS_Auto_Redock","PPS_Auto_Redock_pv.maegz",true,"2023-4",true,7.400,"eJztVdFqg0AQ/BXxOQTvvNPd/koIIqlJBRuLJoUi+ffu3TUZDbSFQokPvsjueHfjztzgEBfvVdfX7bGIn6LMKJOsIsHK5lw5ZIiVPDdDvHspu0PVu2aT6VytomS7ilypUaYoDUqLMkOZoySUfCspQQk2AhuBjcBGYCOwEdgIbAQ2BhuDjcHGYGOwMdgYbAw2Bht7NqnjtnsWzUdSBhUVBA1aKsgaFNUTwGKF9UB2BzhyBeWD6Ar6B+kVXAgGTAAebWEHOF8ULAruTACnhIZzwTQN/4J1Ci4GAzW8DDaqMcAYjvxwNAL8cM5jPQEwHPlZCMORn4WTe8DezuAwiwLgZ2EYxX4WTu8BzMLmeuh1hf8wxndwDqPc1XirjmVz+pC7kawNa9kZv1ansinCi9oncIi1+lqhhD022nc2yV2TXht1kbbftV0lyPHcNNLWx31b9KduhPRF29WHWo4XcF82fSX7/j3wozu1BH4J/BJ4yWyameznwKeZtQh8mnOKxEun55z4mf3iRxYuiV8S/4jE63Umkn+TeJ9xWZG72xMyLh2RmXPGZ/ZXXzK+ZPzhGbd5/kvGLWszyniS2j9nfHu5fAIF/IJQ",-3119.747,0.086,3.612,384.581,1599.446,3654.346,1403.034,-7575.875,-4422.419,1751.401,298.000,"PPS_Auto_Redock","1_PPS_Ligprep_3.maegz",1,64140,"W0NIM11PQyg9TylOMVtDSDJdW0NIMl1OKFtDSDJdW0NIMl0xKVtDSDJdYzJbY0hdW2NIXVtjSF1jKGMyRilbTkhdQyg9TylbTkhdYzNbY0hdbmMoW0NIM10pW2NIXVtjSF0z","J2VwaWtfcHl0aG9uJywgJy1waCcsICc3LjAnLCAnLXRuJywgJzgnLCAnLW1hJywgJzUwMCcsICctaW1hZScsICc8aW5maWxlLm1hZT4nLCAnLW9tYWUnLCAnPG91dGZpbGUubWFlPic=",0.2035,0.1701,0.0333,0.2000,0.370,1,1,"This compound has an ester and may undergo hydrolysis at high or low pH.",0,"S-OPLS",56.622,true,"MYH7_PPS_OM - prepared_ligand-1",,,,,,,,,,,"",,"PPS_Auto_Grid",1,8,-8.491,-0.293,-0.900,-1.944,-8.691,-4.137,0.000,0.000,-1.706,-49.564,-8.117,0.848,0.000,-93.011,-57.681,7.914,175,144,0.200
,"MYH7_PPS_OM - prepared_ligand","24","MYH7_PPS_OM.1_ligand","18 Jun 2026 18:54","18 Jun 2026 18:58",139.102,139.102,139.102,70.530,109.470,70.530,"P 1",1,"3.0",1,"/home/user320/PPS_Auto_Redock","PPS_Auto_Redock_pv.maegz",true,"2023-4",true,7.400,"eJztVdFqg0AQ/BXxOQTvvNPd/koIIqlJBRuLJoUi+ffu3TUZDbSFQokPvsjueHfjztzgEBfvVdfX7bGIn6LMKJOsIsHK5lw5ZIiVPDdDvHspu0PVu2aT6VytomS7ilypUaYoDUqLMkOZoySUfCspQQk2AhuBjcBGYCOwEdgIbAQ2BhuDjcHGYGOwMdgYbAw2Bht7NqnjtnsWzUdSBhUVBA1aKsgaFNUTwGKF9UB2BzhyBeWD6Ar6B+kVXAgGTAAebWEHOF8ULAruTACnhIZzwTQN/4J1Ci4GAzW8DDaqMcAYjvxwNAL8cM5jPQEwHPlZCMORn4WTe8DezuAwiwLgZ2EYxX4WTu8BzMLmeuh1hf8wxndwDqPc1XirjmVz+pC7kawNa9kZv1ansinCi9oncIi1+lqhhD022nc2yV2TXht1kbbftV0lyPHcNNLWx31b9KduhPRF29WHWo4XcF82fSX7/j3wozu1BH4J/BJ4yWyameznwKeZtQh8mnOKxEun55z4mf3iRxYuiV8S/4jE63Umkn+TeJ9xWZG72xMyLh2RmXPGZ/ZXXzK+ZPzhGbd5/kvGLWszyniS2j9nfHu5fAIF/IJQ",-3119.747,0.086,3.612,384.581,1599.446,3654.346,1403.034,-7575.875,-4422.419,1751.401,298.000,"PPS_Auto_Redock","1_PPS_Ligprep_3.maegz",1,64140,"W0NIM11PQyg9TylOMVtDSDJdW0NIMl1OKFtDSDJdW0NIMl0xKVtDSDJdYzJbY0hdW2NIXVtjSF1jKGMyRilbTkhdQyg9TylbTkhdYzNbY0hdbmMoW0NIM10pW2NIXVtjSF0z","J2VwaWtfcHl0aG9uJywgJy1waCcsICc3LjAnLCAnLXRuJywgJzgnLCAnLW1hJywgJzUwMCcsICctaW1hZScsICc8aW5maWxlLm1hZT4nLCAnLW9tYWUnLCAnPG91dGZpbGUubWFlPic=",0.2035,0.1701,0.0333,0.2000,0.370,1,1,"This compound has an ester and may undergo hydrolysis at high or low pH.",0,"S-OPLS",56.622,true,"MYH7_PPS_OM - prepared_ligand-1",,,,,,,,,,,"",,"PPS_Auto_Grid",1,8,-8.390,-0.289,-0.889,-1.921,-8.590,-4.093,-0.144,0.000,-1.267,-50.444,-9.050,0.848,-0.053,-94.559,-59.494,7.802,146,68,0.200
,"MYH7_PPS_OM - prepared_ligand","25","MYH7_PPS_OM.1_ligand","18 Jun 2026 18:54","18 Jun 2026 18:58",139.102,139.102,139.102,70.530,109.470,70.530,"P 1",1,"3.0",1,"/home/user320/PPS_Auto_Redock","PPS_Auto_Redock_pv.maegz",true,"2023-4",true,7.400,"eJztVdFqg0AQ/BXxOQTvvNPd/koIIqlJBRuLJoUi+ffu3TUZDbSFQokPvsjueHfjztzgEBfvVdfX7bGIn6LMKJOsIsHK5lw5ZIiVPDdDvHspu0PVu2aT6VytomS7ilypUaYoDUqLMkOZoySUfCspQQk2AhuBjcBGYCOwEdgIbAQ2BhuDjcHGYGOwMdgYbAw2Bht7NqnjtnsWzUdSBhUVBA1aKsgaFNUTwGKF9UB2BzhyBeWD6Ar6B+kVXAgGTAAebWEHOF8ULAruTACnhIZzwTQN/4J1Ci4GAzW8DDaqMcAYjvxwNAL8cM5jPQEwHPlZCMORn4WTe8DezuAwiwLgZ2EYxX4WTu8BzMLmeuh1hf8wxndwDqPc1XirjmVz+pC7kawNa9kZv1ansinCi9oncIi1+lqhhD022nc2yV2TXht1kbbftV0lyPHcNNLWx31b9KduhPRF29WHWo4XcF82fSX7/j3wozu1BH4J/BJ4yWyameznwKeZtQh8mnOKxEun55z4mf3iRxYuiV8S/4jE63Umkn+TeJ9xWZG72xMyLh2RmXPGZ/ZXXzK+ZPzhGbd5/kvGLWszyniS2j9nfHu5fAIF/IJQ",-3119.747,0.086,3.612,384.581,1599.446,3654.346,1403.034,-7575.875,-4422.419,1751.401,298.000,"PPS_Auto_Redock","1_PPS_Ligprep_3.maegz",1,64140,"W0NIM11PQyg9TylOMVtDSDJdW0NIMl1OKFtDSDJdW0NIMl0xKVtDSDJdYzJbY0hdW2NIXVtjSF1jKGMyRilbTkhdQyg9TylbTkhdYzNbY0hdbmMoW0NIM10pW2NIXVtjSF0z","J2VwaWtfcHl0aG9uJywgJy1waCcsICc3LjAnLCAnLXRuJywgJzgnLCAnLW1hJywgJzUwMCcsICctaW1hZScsICc8aW5maWxlLm1hZT4nLCAnLW9tYWUnLCAnPG91dGZpbGUubWFlPic=",0.8607,0.0000,0.8607,0.8736,0.874,0,0,"This compound has an ester and may undergo hydrolysis at high or low pH.",0,"S-OPLS",63.759,true,"MYH7_PPS_OM - prepared_ligand-2",,,,,,,,,,,"",,"PPS_Auto_Grid",2,8,-8.320,-0.287,-0.881,-1.905,-9.194,-2.939,-0.960,0.000,-1.644,-53.496,-9.804,0.852,-0.357,-100.437,-63.301,6.977,216,286,0.874
,"MYH7_PPS_OM - prepared_ligand","26","MYH7_PPS_OM.1_ligand","18 Jun 2026 18:54","18 Jun 2026 18:58",139.102,139.102,139.102,70.530,109.470,70.530,"P 1",1,"3.0",1,"/home/user320/PPS_Auto_Redock","PPS_Auto_Redock_pv.maegz",true,"2023-4",true,7.400,"eJztVdFqg0AQ/BXxOQTvvNPd/koIIqlJBRuLJoUi+ffu3TUZDbSFQokPvsjueHfjztzgEBfvVdfX7bGIn6LMKJOsIsHK5lw5ZIiVPDdDvHspu0PVu2aT6VytomS7ilypUaYoDUqLMkOZoySUfCspQQk2AhuBjcBGYCOwEdgIbAQ2BhuDjcHGYGOwMdgYbAw2Bht7NqnjtnsWzUdSBhUVBA1aKsgaFNUTwGKF9UB2BzhyBeWD6Ar6B+kVXAgGTAAebWEHOF8ULAruTACnhIZzwTQN/4J1Ci4GAzW8DDaqMcAYjvxwNAL8cM5jPQEwHPlZCMORn4WTe8DezuAwiwLgZ2EYxX4WTu8BzMLmeuh1hf8wxndwDqPc1XirjmVz+pC7kawNa9kZv1ansinCi9oncIi1+lqhhD022nc2yV2TXht1kbbftV0lyPHcNNLWx31b9KduhPRF29WHWo4XcF82fSX7/j3wozu1BH4J/BJ4yWyameznwKeZtQh8mnOKxEun55z4mf3iRxYuiV8S/4jE63Umkn+TeJ9xWZG72xMyLh2RmXPGZ/ZXXzK+ZPzhGbd5/kvGLWszyniS2j9nfHu5fAIF/IJQ",-3119.747,0.086,3.612,384.581,1599.446,3654.346,1403.034,-7575.875,-4422.419,1751.401,298.000,"PPS_Auto_Redock","1_PPS_Ligprep_3.maegz",1,64140,"W0NIM11PQyg9TylOMVtDSDJdW0NIMl1OKFtDSDJdW0NIMl0xKVtDSDJdYzJbY0hdW2NIXVtjSF1jKGMyRilbTkhdQyg9TylbTkhdYzNbY0hdbmMoW0NIM10pW2NIXVtjSF0z","J2VwaWtfcHl0aG9uJywgJy1waCcsICc3LjAnLCAnLXRuJywgJzgnLCAnLW1hJywgJzUwMCcsICctaW1hZScsICc8aW5maWxlLm1hZT4nLCAnLW9tYWUnLCAnPG91dGZpbGUubWFlPic=",0.2035,0.1701,0.0333,0.2000,0.370,1,1,"This compound has an ester and may undergo hydrolysis at high or low pH.",0,"S-OPLS",56.622,true,"MYH7_PPS_OM - prepared_ligand-1",,,,,,,,,,,"",,"PPS_Auto_Grid",1,8,-8.171,-0.282,-0.866,-1.871,-8.371,-4.003,-0.023,0.000,-1.313,-51.177,-8.463,0.848,-0.051,-94.672,-59.639,5.947,146,140,0.200
,"MYH7_PPS_OM - prepared_ligand","27","MYH7_PPS_OM.1_ligand","18 Jun 2026 18:54","18 Jun 2026 18:58",139.102,139.102,139.102,70.530,109.470,70.530,"P 1",1,"3.0",1,"/home/user320/PPS_Auto_Redock","PPS_Auto_Redock_pv.maegz",true,"2023-4",true,7.400,"eJztVdFqg0AQ/BXxOQTvvNPd/koIIqlJBRuLJoUi+ffu3TUZDbSFQokPvsjueHfjztzgEBfvVdfX7bGIn6LMKJOsIsHK5lw5ZIiVPDdDvHspu0PVu2aT6VytomS7ilypUaYoDUqLMkOZoySUfCspQQk2AhuBjcBGYCOwEdgIbAQ2BhuDjcHGYGOwMdgYbAw2Bht7NqnjtnsWzUdSBhUVBA1aKsgaFNUTwGKF9UB2BzhyBeWD6Ar6B+kVXAgGTAAebWEHOF8ULAruTACnhIZzwTQN/4J1Ci4GAzW8DDaqMcAYjvxwNAL8cM5jPQEwHPlZCMORn4WTe8DezuAwiwLgZ2EYxX4WTu8BzMLmeuh1hf8wxndwDqPc1XirjmVz+pC7kawNa9kZv1ansinCi9oncIi1+lqhhD022nc2yV2TXht1kbbftV0lyPHcNNLWx31b9KduhPRF29WHWo4XcF82fSX7/j3wozu1BH4J/BJ4yWyameznwKeZtQh8mnOKxEun55z4mf3iRxYuiV8S/4jE63Umkn+TeJ9xWZG72xMyLh2RmXPGZ/ZXXzK+ZPzhGbd5/kvGLWszyniS2j9nfHu5fAIF/IJQ",-3119.747,0.086,3.612,384.581,1599.446,3654.346,1403.034,-7575.875,-4422.419,1751.401,298.000,"PPS_Auto_Redock","1_PPS_Ligprep_3.maegz",1,64140,"W0NIM11PQyg9TylOMVtDSDJdW0NIMl1OKFtDSDJdW0NIMl0xKVtDSDJdYzJbY0hdW2NIXVtjSF1jKGMyRilbTkhdQyg9TylbTkhdYzNbY0hdbmMoW0NIM10pW2NIXVtjSF0z","J2VwaWtfcHl0aG9uJywgJy1waCcsICc3LjAnLCAnLXRuJywgJzgnLCAnLW1hJywgJzUwMCcsICctaW1hZScsICc8aW5maWxlLm1hZT4nLCAnLW9tYWUnLCAnPG91dGZpbGUubWFlPic=",0.2035,0.1701,0.0333,0.2000,0.370,1,1,"This compound has an ester and may undergo hydrolysis at high or low pH.",0,"S-OPLS",56.622,true,"MYH7_PPS_OM - prepared_ligand-1",,,,,,,,,,,"",,"PPS_Auto_Grid",1,8,-8.134,-0.280,-0.862,-1.863,-8.334,-4.247,0.000,0.000,-1.512,-44.057,-8.142,0.848,0.000,-85.461,-52.199,8.328,25,139,0.200
,"MYH7_PPS_OM - prepared_ligand","28","MYH7_PPS_OM.1_ligand","18 Jun 2026 18:54","18 Jun 2026 18:58",139.102,139.102,139.102,70.530,109.470,70.530,"P 1",1,"3.0",1,"/home/user320/PPS_Auto_Redock","PPS_Auto_Redock_pv.maegz",true,"2023-4",true,7.400,"eJztVdFqg0AQ/BXxOQTvvNPd/koIIqlJBRuLJoUi+ffu3TUZDbSFQokPvsjueHfjztzgEBfvVdfX7bGIn6LMKJOsIsHK5lw5ZIiVPDdDvHspu0PVu2aT6VytomS7ilypUaYoDUqLMkOZoySUfCspQQk2AhuBjcBGYCOwEdgIbAQ2BhuDjcHGYGOwMdgYbAw2Bht7NqnjtnsWzUdSBhUVBA1aKsgaFNUTwGKF9UB2BzhyBeWD6Ar6B+kVXAgGTAAebWEHOF8ULAruTACnhIZzwTQN/4J1Ci4GAzW8DDaqMcAYjvxwNAL8cM5jPQEwHPlZCMORn4WTe8DezuAwiwLgZ2EYxX4WTu8BzMLmeuh1hf8wxndwDqPc1XirjmVz+pC7kawNa9kZv1ansinCi9oncIi1+lqhhD022nc2yV2TXht1kbbftV0lyPHcNNLWx31b9KduhPRF29WHWo4XcF82fSX7/j3wozu1BH4J/BJ4yWyameznwKeZtQh8mnOKxEun55z4mf3iRxYuiV8S/4jE63Umkn+TeJ9xWZG72xMyLh2RmXPGZ/ZXXzK+ZPzhGbd5/kvGLWszyniS2j9nfHu5fAIF/IJQ",-3119.747,0.086,3.612,384.581,1599.446,3654.346,1403.034,-7575.875,-4422.419,1751.401,298.000,"PPS_Auto_Redock","1_PPS_Ligprep_3.maegz",1,64140,"W0NIM11PQyg9TylOMVtDSDJdW0NIMl1OKFtDSDJdW0NIMl0xKVtDSDJdYzJbY0hdW2NIXVtjSF1jKGMyRilbTkhdQyg9TylbTkhdYzNbY0hdbmMoW0NIM10pW2NIXVtjSF0z","J2VwaWtfcHl0aG9uJywgJy1waCcsICc3LjAnLCAnLXRuJywgJzgnLCAnLW1hJywgJzUwMCcsICctaW1hZScsICc8aW5maWxlLm1hZT4nLCAnLW9tYWUnLCAnPG91dGZpbGUubWFlPic=",2.4636,1.6413,0.8223,2.4980,4.139,1,1,"This compound has an ester and may undergo hydrolysis at high or low pH.",0,"S-OPLS",65.813,true,"MYH7_PPS_OM - prepared_ligand-4",,,,,,,,,,,"",,"PPS_Auto_Grid",4,8,-8.119,-0.280,-0.860,-1.859,-10.617,-3.314,-0.926,0.000,-1.648,-52.134,-17.165,0.848,-0.397,-114.024,-69.299,9.818,224,378,2.498
,"MYH7_PPS_OM - prepared_ligand","29","MYH7_PPS_OM.1_ligand","18 Jun 2026 18:54","18 Jun 2026 18:58",139.102,139.102,139.102,70.530,109.470,70.530,"P 1",1,"3.0",1,"/home/user320/PPS_Auto_Redock","PPS_Auto_Redock_pv.maegz",true,"2023-4",true,7.400,"eJztVdFqg0AQ/BXxOQTvvNPd/koIIqlJBRuLJoUi+ffu3TUZDbSFQokPvsjueHfjztzgEBfvVdfX7bGIn6LMKJOsIsHK5lw5ZIiVPDdDvHspu0PVu2aT6VytomS7ilypUaYoDUqLMkOZoySUfCspQQk2AhuBjcBGYCOwEdgIbAQ2BhuDjcHGYGOwMdgYbAw2Bht7NqnjtnsWzUdSBhUVBA1aKsgaFNUTwGKF9UB2BzhyBeWD6Ar6B+kVXAgGTAAebWEHOF8ULAruTACnhIZzwTQN/4J1Ci4GAzW8DDaqMcAYjvxwNAL8cM5jPQEwHPlZCMORn4WTe8DezuAwiwLgZ2EYxX4WTu8BzMLmeuh1hf8wxndwDqPc1XirjmVz+pC7kawNa9kZv1ansinCi9oncIi1+lqhhD022nc2yV2TXht1kbbftV0lyPHcNNLWx31b9KduhPRF29WHWo4XcF82fSX7/j3wozu1BH4J/BJ4yWyameznwKeZtQh8mnOKxEun55z4mf3iRxYuiV8S/4jE63Umkn+TeJ9xWZG72xMyLh2RmXPGZ/ZXXzK+ZPzhGbd5/kvGLWszyniS2j9nfHu5fAIF/IJQ",-3119.747,0.086,3.612,384.581,1599.446,3654.346,1403.034,-7575.875,-4422.419,1751.401,298.000,"PPS_Auto_Redock","1_PPS_Ligprep_3.maegz",1,64140,"W0NIM11PQyg9TylOMVtDSDJdW0NIMl1OKFtDSDJdW0NIMl0xKVtDSDJdYzJbY0hdW2NIXVtjSF1jKGMyRilbTkhdQyg9TylbTkhdYzNbY0hdbmMoW0NIM10pW2NIXVtjSF0z","J2VwaWtfcHl0aG9uJywgJy1waCcsICc3LjAnLCAnLXRuJywgJzgnLCAnLW1hJywgJzUwMCcsICctaW1hZScsICc8aW5maWxlLm1hZT4nLCAnLW9tYWUnLCAnPG91dGZpbGUubWFlPic=",2.4636,1.6413,0.8223,2.4980,4.139,1,1,"This compound has an ester and may undergo hydrolysis at high or low pH.",0,"S-OPLS",65.813,true,"MYH7_PPS_OM - prepared_ligand-4",,,,,,,,,,,"",,"PPS_Auto_Grid",4,8,-8.021,-0.277,-0.850,-1.837,-10.519,-3.176,-0.960,0.000,-1.640,-51.691,-17.643,0.848,-0.360,-114.956,-69.334,7.098,134,154,2.498
,"MYH7_PPS_OM - prepared_ligand","30","MYH7_PPS_OM.1_ligand","18 Jun 2026 18:54","18 Jun 2026 18:58",139.102,139.102,139.102,70.530,109.470,70.530,"P 1",1,"3.0",1,"/home/user320/PPS_Auto_Redock","PPS_Auto_Redock_pv.maegz",true,"2023-4",true,7.400,"eJztVdFqg0AQ/BXxOQTvvNPd/koIIqlJBRuLJoUi+ffu3TUZDbSFQokPvsjueHfjztzgEBfvVdfX7bGIn6LMKJOsIsHK5lw5ZIiVPDdDvHspu0PVu2aT6VytomS7ilypUaYoDUqLMkOZoySUfCspQQk2AhuBjcBGYCOwEdgIbAQ2BhuDjcHGYGOwMdgYbAw2Bht7NqnjtnsWzUdSBhUVBA1aKsgaFNUTwGKF9UB2BzhyBeWD6Ar6B+kVXAgGTAAebWEHOF8ULAruTACnhIZzwTQN/4J1Ci4GAzW8DDaqMcAYjvxwNAL8cM5jPQEwHPlZCMORn4WTe8DezuAwiwLgZ2EYxX4WTu8BzMLmeuh1hf8wxndwDqPc1XirjmVz+pC7kawNa9kZv1ansinCi9oncIi1+lqhhD022nc2yV2TXht1kbbftV0lyPHcNNLWx31b9KduhPRF29WHWo4XcF82fSX7/j3wozu1BH4J/BJ4yWyameznwKeZtQh8mnOKxEun55z4mf3iRxYuiV8S/4jE63Umkn+TeJ9xWZG72xMyLh2RmXPGZ/ZXXzK+ZPzhGbd5/kvGLWszyniS2j9nfHu5fAIF/IJQ",-3119.747,0.086,3.612,384.581,1599.446,3654.346,1403.034,-7575.875,-4422.419,1751.401,298.000,"PPS_Auto_Redock","1_PPS_Ligprep_3.maegz",1,64140,"W0NIM11PQyg9TylOMVtDSDJdW0NIMl1OKFtDSDJdW0NIMl0xKVtDSDJdYzJbY0hdW2NIXVtjSF1jKGMyRilbTkhdQyg9TylbTkhdYzNbY0hdbmMoW0NIM10pW2NIXVtjSF0z","J2VwaWtfcHl0aG9uJywgJy1waCcsICc3LjAnLCAnLXRuJywgJzgnLCAnLW1hJywgJzUwMCcsICctaW1hZScsICc8aW5maWxlLm1hZT4nLCAnLW9tYWUnLCAnPG91dGZpbGUubWFlPic=",2.4636,1.6413,0.8223,2.4980,4.139,1,1,"This compound has an ester and may undergo hydrolysis at high or low pH.",0,"S-OPLS",65.813,true,"MYH7_PPS_OM - prepared_ligand-4",,,,,,,,,,,"",,"PPS_Auto_Grid",4,8,-7.806,-0.269,-0.827,-1.787,-10.304,-3.164,-0.944,0.000,-1.648,-51.507,-16.106,0.848,-0.405,-109.885,-67.613,11.803,214,327,2.498
,"MYH7_PPS_OM - prepared_ligand","31","MYH7_PPS_OM.1_ligand","18 Jun 2026 18:54","18 Jun 2026 18:58",139.102,139.102,139.102,70.530,109.470,70.530,"P 1",1,"3.0",1,"/home/user320/PPS_Auto_Redock","PPS_Auto_Redock_pv.maegz",true,"2023-4",true,7.400,"eJztVdFqg0AQ/BXxOQTvvNPd/koIIqlJBRuLJoUi+ffu3TUZDbSFQokPvsjueHfjztzgEBfvVdfX7bGIn6LMKJOsIsHK5lw5ZIiVPDdDvHspu0PVu2aT6VytomS7ilypUaYoDUqLMkOZoySUfCspQQk2AhuBjcBGYCOwEdgIbAQ2BhuDjcHGYGOwMdgYbAw2Bht7NqnjtnsWzUdSBhUVBA1aKsgaFNUTwGKF9UB2BzhyBeWD6Ar6B+kVXAgGTAAebWEHOF8ULAruTACnhIZzwTQN/4J1Ci4GAzW8DDaqMcAYjvxwNAL8cM5jPQEwHPlZCMORn4WTe8DezuAwiwLgZ2EYxX4WTu8BzMLmeuh1hf8wxndwDqPc1XirjmVz+pC7kawNa9kZv1ansinCi9oncIi1+lqhhD022nc2yV2TXht1kbbftV0lyPHcNNLWx31b9KduhPRF29WHWo4XcF82fSX7/j3wozu1BH4J/BJ4yWyameznwKeZtQh8mnOKxEun55z4mf3iRxYuiV8S/4jE63Umkn+TeJ9xWZG72xMyLh2RmXPGZ/ZXXzK+ZPzhGbd5/kvGLWszyniS2j9nfHu5fAIF/IJQ",-3119.747,0.086,3.612,384.581,1599.446,3654.346,1403.034,-7575.875,-4422.419,1751.401,298.000,"PPS_Auto_Redock","1_PPS_Ligprep_3.maegz",1,64140,"W0NIM11PQyg9TylOMVtDSDJdW0NIMl1OKFtDSDJdW0NIMl0xKVtDSDJdYzJbY0hdW2NIXVtjSF1jKGMyRilbTkhdQyg9TylbTkhdYzNbY0hdbmMoW0NIM10pW2NIXVtjSF0z","J2VwaWtfcHl0aG9uJywgJy1waCcsICc3LjAnLCAnLXRuJywgJzgnLCAnLW1hJywgJzUwMCcsICctaW1hZScsICc8aW5maWxlLm1hZT4nLCAnLW9tYWUnLCAnPG91dGZpbGUubWFlPic=",1.8923,1.8923,0.0000,1.8674,3.760,2,2,"This compound has an ester and may undergo hydrolysis at high or low pH.",0,"S-OPLS",59.908,true,"MYH7_PPS_OM - prepared_ligand-3",,,,,,,,,,,"",,"PPS_Auto_Grid",3,8,-7.751,-0.267,-0.821,-1.775,-9.618,-3.988,-0.603,0.000,-1.181,-47.193,-14.698,0.844,-0.126,-99.498,-61.891,13.588,50,130,1.867
,"MYH7_PPS_OM - prepared_ligand","32","MYH7_PPS_OM.1_ligand","18 Jun 2026 18:54","18 Jun 2026 18:58",139.102,139.102,139.102,70.530,109.470,70.530,"P 1",1,"3.0",1,"/home/user320/PPS_Auto_Redock","PPS_Auto_Redock_pv.maegz",true,"2023-4",true,7.400,"eJztVdFqg0AQ/BXxOQTvvNPd/koIIqlJBRuLJoUi+ffu3TUZDbSFQokPvsjueHfjztzgEBfvVdfX7bGIn6LMKJOsIsHK5lw5ZIiVPDdDvHspu0PVu2aT6VytomS7ilypUaYoDUqLMkOZoySUfCspQQk2AhuBjcBGYCOwEdgIbAQ2BhuDjcHGYGOwMdgYbAw2Bht7NqnjtnsWzUdSBhUVBA1aKsgaFNUTwGKF9UB2BzhyBeWD6Ar6B+kVXAgGTAAebWEHOF8ULAruTACnhIZzwTQN/4J1Ci4GAzW8DDaqMcAYjvxwNAL8cM5jPQEwHPlZCMORn4WTe8DezuAwiwLgZ2EYxX4WTu8BzMLmeuh1hf8wxndwDqPc1XirjmVz+pC7kawNa9kZv1ansinCi9oncIi1+lqhhD022nc2yV2TXht1kbbftV0lyPHcNNLWx31b9KduhPRF29WHWo4XcF82fSX7/j3wozu1BH4J/BJ4yWyameznwKeZtQh8mnOKxEun55z4mf3iRxYuiV8S/4jE63Umkn+TeJ9xWZG72xMyLh2RmXPGZ/ZXXzK+ZPzhGbd5/kvGLWszyniS2j9nfHu5fAIF/IJQ",-3119.747,0.086,3.612,384.581,1599.446,3654.346,1403.034,-7575.875,-4422.419,1751.401,298.000,"PPS_Auto_Redock","1_PPS_Ligprep_3.maegz",1,64140,"W0NIM11PQyg9TylOMVtDSDJdW0NIMl1OKFtDSDJdW0NIMl0xKVtDSDJdYzJbY0hdW2NIXVtjSF1jKGMyRilbTkhdQyg9TylbTkhdYzNbY0hdbmMoW0NIM10pW2NIXVtjSF0z","J2VwaWtfcHl0aG9uJywgJy1waCcsICc3LjAnLCAnLXRuJywgJzgnLCAnLW1hJywgJzUwMCcsICctaW1hZScsICc8aW5maWxlLm1hZT4nLCAnLW9tYWUnLCAnPG91dGZpbGUubWFlPic=",0.8607,0.0000,0.8607,0.8736,0.874,0,0,"This compound has an ester and may undergo hydrolysis at high or low pH.",0,"S-OPLS",63.759,true,"MYH7_PPS_OM - prepared_ligand-2",,,,,,,,,,,"",,"PPS_Auto_Grid",2,8,-7.480,-0.258,-0.792,-1.713,-8.353,-3.980,-0.493,0.000,-1.166,-50.289,-6.445,0.852,-0.084,-89.049,-56.734,9.129,258,383,0.874
,"MYH7_PPS_OM - prepared_ligand","33","MYH7_PPS_OM.1_ligand","18 Jun 2026 18:54","18 Jun 2026 18:58",139.102,139.102,139.102,70.530,109.470,70.530,"P 1",1,"3.0",1,"/home/user320/PPS_Auto_Redock","PPS_Auto_Redock_pv.maegz",true,"2023-4",true,7.400,"eJztVdFqg0AQ/BXxOQTvvNPd/koIIqlJBRuLJoUi+ffu3TUZDbSFQokPvsjueHfjztzgEBfvVdfX7bGIn6LMKJOsIsHK5lw5ZIiVPDdDvHspu0PVu2aT6VytomS7ilypUaYoDUqLMkOZoySUfCspQQk2AhuBjcBGYCOwEdgIbAQ2BhuDjcHGYGOwMdgYbAw2Bht7NqnjtnsWzUdSBhUVBA1aKsgaFNUTwGKF9UB2BzhyBeWD6Ar6B+kVXAgGTAAebWEHOF8ULAruTACnhIZzwTQN/4J1Ci4GAzW8DDaqMcAYjvxwNAL8cM5jPQEwHPlZCMORn4WTe8DezuAwiwLgZ2EYxX4WTu8BzMLmeuh1hf8wxndwDqPc1XirjmVz+pC7kawNa9kZv1ansinCi9oncIi1+lqhhD022nc2yV2TXht1kbbftV0lyPHcNNLWx31b9KduhPRF29WHWo4XcF82fSX7/j3wozu1BH4J/BJ4yWyameznwKeZtQh8mnOKxEun55z4mf3iRxYuiV8S/4jE63Umkn+TeJ9xWZG72xMyLh2RmXPGZ/ZXXzK+ZPzhGbd5/kvGLWszyniS2j9nfHu5fAIF/IJQ",-3119.747,0.086,3.612,384.581,1599.446,3654.346,1403.034,-7575.875,-4422.419,1751.401,298.000,"PPS_Auto_Redock","1_PPS_Ligprep_3.maegz",1,64140,"W0NIM11PQyg9TylOMVtDSDJdW0NIMl1OKFtDSDJdW0NIMl0xKVtDSDJdYzJbY0hdW2NIXVtjSF1jKGMyRilbTkhdQyg9TylbTkhdYzNbY0hdbmMoW0NIM10pW2NIXVtjSF0z","J2VwaWtfcHl0aG9uJywgJy1waCcsICc3LjAnLCAnLXRuJywgJzgnLCAnLW1hJywgJzUwMCcsICctaW1hZScsICc8aW5maWxlLm1hZT4nLCAnLW9tYWUnLCAnPG91dGZpbGUubWFlPic=",2.4636,1.6413,0.8223,2.4980,4.139,1,1,"This compound has an ester and may undergo hydrolysis at high or low pH.",0,"S-OPLS",65.813,true,"MYH7_PPS_OM - prepared_ligand-4",,,,,,,,,,,"",,"PPS_Auto_Grid",4,8,-7.344,-0.253,-0.778,-1.682,-9.842,-2.844,-0.678,0.000,-1.632,-47.591,-18.815,0.848,-0.335,-109.107,-66.406,6.659,134,119,2.498
,"MYH7_PPS_OM - prepared_ligand","34","MYH7_PPS_OM.1_ligand","18 Jun 2026 18:54","18 Jun 2026 18:58",139.102,139.102,139.102,70.530,109.470,70.530,"P 1",1,"3.0",1,"/home/user320/PPS_Auto_Redock","PPS_Auto_Redock_pv.maegz",true,"2023-4",true,7.400,"eJztVdFqg0AQ/BXxOQTvvNPd/koIIqlJBRuLJoUi+ffu3TUZDbSFQokPvsjueHfjztzgEBfvVdfX7bGIn6LMKJOsIsHK5lw5ZIiVPDdDvHspu0PVu2aT6VytomS7ilypUaYoDUqLMkOZoySUfCspQQk2AhuBjcBGYCOwEdgIbAQ2BhuDjcHGYGOwMdgYbAw2Bht7NqnjtnsWzUdSBhUVBA1aKsgaFNUTwGKF9UB2BzhyBeWD6Ar6B+kVXAgGTAAebWEHOF8ULAruTACnhIZzwTQN/4J1Ci4GAzW8DDaqMcAYjvxwNAL8cM5jPQEwHPlZCMORn4WTe8DezuAwiwLgZ2EYxX4WTu8BzMLmeuh1hf8wxndwDqPc1XirjmVz+pC7kawNa9kZv1ansinCi9oncIi1+lqhhD022nc2yV2TXht1kbbftV0lyPHcNNLWx31b9KduhPRF29WHWo4XcF82fSX7/j3wozu1BH4J/BJ4yWyameznwKeZtQh8mnOKxEun55z4mf3iRxYuiV8S/4jE63Umkn+TeJ9xWZG72xMyLh2RmXPGZ/ZXXzK+ZPzhGbd5/kvGLWszyniS2j9nfHu5fAIF/IJQ",-3119.747,0.086,3.612,384.581,1599.446,3654.346,1403.034,-7575.875,-4422.419,1751.401,298.000,"PPS_Auto_Redock","1_PPS_Ligprep_3.maegz",1,64140,"W0NIM11PQyg9TylOMVtDSDJdW0NIMl1OKFtDSDJdW0NIMl0xKVtDSDJdYzJbY0hdW2NIXVtjSF1jKGMyRilbTkhdQyg9TylbTkhdYzNbY0hdbmMoW0NIM10pW2NIXVtjSF0z","J2VwaWtfcHl0aG9uJywgJy1waCcsICc3LjAnLCAnLXRuJywgJzgnLCAnLW1hJywgJzUwMCcsICctaW1hZScsICc8aW5maWxlLm1hZT4nLCAnLW9tYWUnLCAnPG91dGZpbGUubWFlPic=",1.8923,1.8923,0.0000,1.8674,3.760,2,2,"This compound has an ester and may undergo hydrolysis at high or low pH.",0,"S-OPLS",59.908,true,"MYH7_PPS_OM - prepared_ligand-3",,,,,,,,,,,"",,"PPS_Auto_Grid",3,8,-7.243,-0.250,-0.767,-1.658,-9.110,-4.209,-0.004,0.000,-1.766,-48.596,-10.306,0.844,0.000,-96.567,-58.902,8.893,175,52,1.867
,"MYH7_PPS_OM - prepared_ligand","35","MYH7_PPS_OM.1_ligand","18 Jun 2026 18:54","18 Jun 2026 18:58",139.102,139.102,139.102,70.530,109.470,70.530,"P 1",1,"3.0",1,"/home/user320/PPS_Auto_Redock","PPS_Auto_Redock_pv.maegz",true,"2023-4",true,7.400,"eJztVdFqg0AQ/BXxOQTvvNPd/koIIqlJBRuLJoUi+ffu3TUZDbSFQokPvsjueHfjztzgEBfvVdfX7bGIn6LMKJOsIsHK5lw5ZIiVPDdDvHspu0PVu2aT6VytomS7ilypUaYoDUqLMkOZoySUfCspQQk2AhuBjcBGYCOwEdgIbAQ2BhuDjcHGYGOwMdgYbAw2Bht7NqnjtnsWzUdSBhUVBA1aKsgaFNUTwGKF9UB2BzhyBeWD6Ar6B+kVXAgGTAAebWEHOF8ULAruTACnhIZzwTQN/4J1Ci4GAzW8DDaqMcAYjvxwNAL8cM5jPQEwHPlZCMORn4WTe8DezuAwiwLgZ2EYxX4WTu8BzMLmeuh1hf8wxndwDqPc1XirjmVz+pC7kawNa9kZv1ansinCi9oncIi1+lqhhD022nc2yV2TXht1kbbftV0lyPHcNNLWx31b9KduhPRF29WHWo4XcF82fSX7/j3wozu1BH4J/BJ4yWyameznwKeZtQh8mnOKxEun55z4mf3iRxYuiV8S/4jE63Umkn+TeJ9xWZG72xMyLh2RmXPGZ/ZXXzK+ZPzhGbd5/kvGLWszyniS2j9nfHu5fAIF/IJQ",-3119.747,0.086,3.612,384.581,1599.446,3654.346,1403.034,-7575.875,-4422.419,1751.401,298.000,"PPS_Auto_Redock","1_PPS_Ligprep_3.maegz",1,64140,"W0NIM11PQyg9TylOMVtDSDJdW0NIMl1OKFtDSDJdW0NIMl0xKVtDSDJdYzJbY0hdW2NIXVtjSF1jKGMyRilbTkhdQyg9TylbTkhdYzNbY0hdbmMoW0NIM10pW2NIXVtjSF0z","J2VwaWtfcHl0aG9uJywgJy1waCcsICc3LjAnLCAnLXRuJywgJzgnLCAnLW1hJywgJzUwMCcsICctaW1hZScsICc8aW5maWxlLm1hZT4nLCAnLW9tYWUnLCAnPG91dGZpbGUubWFlPic=",0.8607,0.0000,0.8607,0.8736,0.874,0,0,"This compound has an ester and may undergo hydrolysis at high or low pH.",0,"S-OPLS",63.759,true,"MYH7_PPS_OM - prepared_ligand-2",,,,,,,,,,,"",,"PPS_Auto_Grid",2,8,-7.136,-0.246,-0.756,-1.634,-8.009,-4.125,-0.125,0.000,-1.256,-51.757,-4.764,0.852,-0.053,-87.320,-56.521,9.209,226,202,0.874
,"MYH7_PPS_OM - prepared_ligand","36","MYH7_PPS_OM.1_ligand","18 Jun 2026 18:54","18 Jun 2026 18:58",139.102,139.102,139.102,70.530,109.470,70.530,"P 1",1,"3.0",1,"/home/user320/PPS_Auto_Redock","PPS_Auto_Redock_pv.maegz",true,"2023-4",true,7.400,"eJztVdFqg0AQ/BXxOQTvvNPd/koIIqlJBRuLJoUi+ffu3TUZDbSFQokPvsjueHfjztzgEBfvVdfX7bGIn6LMKJOsIsHK5lw5ZIiVPDdDvHspu0PVu2aT6VytomS7ilypUaYoDUqLMkOZoySUfCspQQk2AhuBjcBGYCOwEdgIbAQ2BhuDjcHGYGOwMdgYbAw2Bht7NqnjtnsWzUdSBhUVBA1aKsgaFNUTwGKF9UB2BzhyBeWD6Ar6B+kVXAgGTAAebWEHOF8ULAruTACnhIZzwTQN/4J1Ci4GAzW8DDaqMcAYjvxwNAL8cM5jPQEwHPlZCMORn4WTe8DezuAwiwLgZ2EYxX4WTu8BzMLmeuh1hf8wxndwDqPc1XirjmVz+pC7kawNa9kZv1ansinCi9oncIi1+lqhhD022nc2yV2TXht1kbbftV0lyPHcNNLWx31b9KduhPRF29WHWo4XcF82fSX7/j3wozu1BH4J/BJ4yWyameznwKeZtQh8mnOKxEun55z4mf3iRxYuiV8S/4jE63Umkn+TeJ9xWZG72xMyLh2RmXPGZ/ZXXzK+ZPzhGbd5/kvGLWszyniS2j9nfHu5fAIF/IJQ",-3119.747,0.086,3.612,384.581,1599.446,3654.346,1403.034,-7575.875,-4422.419,1751.401,298.000,"PPS_Auto_Redock","1_PPS_Ligprep_3.maegz",1,64140,"W0NIM11PQyg9TylOMVtDSDJdW0NIMl1OKFtDSDJdW0NIMl0xKVtDSDJdYzJbY0hdW2NIXVtjSF1jKGMyRilbTkhdQyg9TylbTkhdYzNbY0hdbmMoW0NIM10pW2NIXVtjSF0z","J2VwaWtfcHl0aG9uJywgJy1waCcsICc3LjAnLCAnLXRuJywgJzgnLCAnLW1hJywgJzUwMCcsICctaW1hZScsICc8aW5maWxlLm1hZT4nLCAnLW9tYWUnLCAnPG91dGZpbGUubWFlPic=",1.8923,1.8923,0.0000,1.8674,3.760,2,2,"This compound has an ester and may undergo hydrolysis at high or low pH.",0,"S-OPLS",59.908,true,"MYH7_PPS_OM - prepared_ligand-3",,,,,,,,,,,"",,"PPS_Auto_Grid",3,8,-7.087,-0.244,-0.751,-1.623,-8.954,-4.070,-0.268,0.000,-1.606,-47.017,-10.024,0.844,0.000,-93.668,-57.041,8.345,175,135,1.867
,"MYH7_PPS_OM - prepared_ligand","37","MYH7_PPS_OM.1_ligand","18 Jun 2026 18:54","18 Jun 2026 18:58",139.102,139.102,139.102,70.530,109.470,70.530,"P 1",1,"3.0",1,"/home/user320/PPS_Auto_Redock","PPS_Auto_Redock_pv.maegz",true,"2023-4",true,7.400,"eJztVdFqg0AQ/BXxOQTvvNPd/koIIqlJBRuLJoUi+ffu3TUZDbSFQokPvsjueHfjztzgEBfvVdfX7bGIn6LMKJOsIsHK5lw5ZIiVPDdDvHspu0PVu2aT6VytomS7ilypUaYoDUqLMkOZoySUfCspQQk2AhuBjcBGYCOwEdgIbAQ2BhuDjcHGYGOwMdgYbAw2Bht7NqnjtnsWzUdSBhUVBA1aKsgaFNUTwGKF9UB2BzhyBeWD6Ar6B+kVXAgGTAAebWEHOF8ULAruTACnhIZzwTQN/4J1Ci4GAzW8DDaqMcAYjvxwNAL8cM5jPQEwHPlZCMORn4WTe8DezuAwiwLgZ2EYxX4WTu8BzMLmeuh1hf8wxndwDqPc1XirjmVz+pC7kawNa9kZv1ansinCi9oncIi1+lqhhD022nc2yV2TXht1kbbftV0lyPHcNNLWx31b9KduhPRF29WHWo4XcF82fSX7/j3wozu1BH4J/BJ4yWyameznwKeZtQh8mnOKxEun55z4mf3iRxYuiV8S/4jE63Umkn+TeJ9xWZG72xMyLh2RmXPGZ/ZXXzK+ZPzhGbd5/kvGLWszyniS2j9nfHu5fAIF/IJQ",-3119.747,0.086,3.612,384.581,1599.446,3654.346,1403.034,-7575.875,-4422.419,1751.401,298.000,"PPS_Auto_Redock","1_PPS_Ligprep_3.maegz",1,64140,"W0NIM11PQyg9TylOMVtDSDJdW0NIMl1OKFtDSDJdW0NIMl0xKVtDSDJdYzJbY0hdW2NIXVtjSF1jKGMyRilbTkhdQyg9TylbTkhdYzNbY0hdbmMoW0NIM10pW2NIXVtjSF0z","J2VwaWtfcHl0aG9uJywgJy1waCcsICc3LjAnLCAnLXRuJywgJzgnLCAnLW1hJywgJzUwMCcsICctaW1hZScsICc8aW5maWxlLm1hZT4nLCAnLW9tYWUnLCAnPG91dGZpbGUubWFlPic=",1.8923,1.8923,0.0000,1.8674,3.760,2,2,"This compound has an ester and may undergo hydrolysis at high or low pH.",0,"S-OPLS",59.908,true,"MYH7_PPS_OM - prepared_ligand-3",,,,,,,,,,,"",,"PPS_Auto_Grid",3,8,-7.059,-0.243,-0.748,-1.616,-8.926,-4.180,0.000,0.000,-1.673,-47.650,-10.234,0.844,0.000,-93.500,-57.884,10.800,25,192,1.867
,"MYH7_PPS_OM - prepared_ligand","38","MYH7_PPS_OM.1_ligand","18 Jun 2026 18:54","18 Jun 2026 18:58",139.102,139.102,139.102,70.530,109.470,70.530,"P 1",1,"3.0",1,"/home/user320/PPS_Auto_Redock","PPS_Auto_Redock_pv.maegz",true,"2023-4",true,7.400,"eJztVdFqg0AQ/BXxOQTvvNPd/koIIqlJBRuLJoUi+ffu3TUZDbSFQokPvsjueHfjztzgEBfvVdfX7bGIn6LMKJOsIsHK5lw5ZIiVPDdDvHspu0PVu2aT6VytomS7ilypUaYoDUqLMkOZoySUfCspQQk2AhuBjcBGYCOwEdgIbAQ2BhuDjcHGYGOwMdgYbAw2Bht7NqnjtnsWzUdSBhUVBA1aKsgaFNUTwGKF9UB2BzhyBeWD6Ar6B+kVXAgGTAAebWEHOF8ULAruTACnhIZzwTQN/4J1Ci4GAzW8DDaqMcAYjvxwNAL8cM5jPQEwHPlZCMORn4WTe8DezuAwiwLgZ2EYxX4WTu8BzMLmeuh1hf8wxndwDqPc1XirjmVz+pC7kawNa9kZv1ansinCi9oncIi1+lqhhD022nc2yV2TXht1kbbftV0lyPHcNNLWx31b9KduhPRF29WHWo4XcF82fSX7/j3wozu1BH4J/BJ4yWyameznwKeZtQh8mnOKxEun55z4mf3iRxYuiV8S/4jE63Umkn+TeJ9xWZG72xMyLh2RmXPGZ/ZXXzK+ZPzhGbd5/kvGLWszyniS2j9nfHu5fAIF/IJQ",-3119.747,0.086,3.612,384.581,1599.446,3654.346,1403.034,-7575.875,-4422.419,1751.401,298.000,"PPS_Auto_Redock","1_PPS_Ligprep_3.maegz",1,64140,"W0NIM11PQyg9TylOMVtDSDJdW0NIMl1OKFtDSDJdW0NIMl0xKVtDSDJdYzJbY0hdW2NIXVtjSF1jKGMyRilbTkhdQyg9TylbTkhdYzNbY0hdbmMoW0NIM10pW2NIXVtjSF0z","J2VwaWtfcHl0aG9uJywgJy1waCcsICc3LjAnLCAnLXRuJywgJzgnLCAnLW1hJywgJzUwMCcsICctaW1hZScsICc8aW5maWxlLm1hZT4nLCAnLW9tYWUnLCAnPG91dGZpbGUubWFlPic=",0.8607,0.0000,0.8607,0.8736,0.874,0,0,"This compound has an ester and may undergo hydrolysis at high or low pH.",0,"S-OPLS",63.759,true,"MYH7_PPS_OM - prepared_ligand-2",,,,,,,,,,,"",,"PPS_Auto_Grid",2,8,-7.054,-0.243,-0.747,-1.615,-7.928,-4.197,0.000,0.000,-1.739,-50.889,-1.998,0.852,0.000,-83.035,-52.887,9.474,100,207,0.874
,"MYH7_PPS_OM - prepared_ligand","39","MYH7_PPS_OM.1_ligand","18 Jun 2026 18:54","18 Jun 2026 18:58",139.102,139.102,139.102,70.530,109.470,70.530,"P 1",1,"3.0",1,"/home/user320/PPS_Auto_Redock","PPS_Auto_Redock_pv.maegz",true,"2023-4",true,7.400,"eJztVdFqg0AQ/BXxOQTvvNPd/koIIqlJBRuLJoUi+ffu3TUZDbSFQokPvsjueHfjztzgEBfvVdfX7bGIn6LMKJOsIsHK5lw5ZIiVPDdDvHspu0PVu2aT6VytomS7ilypUaYoDUqLMkOZoySUfCspQQk2AhuBjcBGYCOwEdgIbAQ2BhuDjcHGYGOwMdgYbAw2Bht7NqnjtnsWzUdSBhUVBA1aKsgaFNUTwGKF9UB2BzhyBeWD6Ar6B+kVXAgGTAAebWEHOF8ULAruTACnhIZzwTQN/4J1Ci4GAzW8DDaqMcAYjvxwNAL8cM5jPQEwHPlZCMORn4WTe8DezuAwiwLgZ2EYxX4WTu8BzMLmeuh1hf8wxndwDqPc1XirjmVz+pC7kawNa9kZv1ansinCi9oncIi1+lqhhD022nc2yV2TXht1kbbftV0lyPHcNNLWx31b9KduhPRF29WHWo4XcF82fSX7/j3wozu1BH4J/BJ4yWyameznwKeZtQh8mnOKxEun55z4mf3iRxYuiV8S/4jE63Umkn+TeJ9xWZG72xMyLh2RmXPGZ/ZXXzK+ZPzhGbd5/kvGLWszyniS2j9nfHu5fAIF/IJQ",-3119.747,0.086,3.612,384.581,1599.446,3654.346,1403.034,-7575.875,-4422.419,1751.401,298.000,"PPS_Auto_Redock","1_PPS_Ligprep_3.maegz",1,64140,"W0NIM11PQyg9TylOMVtDSDJdW0NIMl1OKFtDSDJdW0NIMl0xKVtDSDJdYzJbY0hdW2NIXVtjSF1jKGMyRilbTkhdQyg9TylbTkhdYzNbY0hdbmMoW0NIM10pW2NIXVtjSF0z","J2VwaWtfcHl0aG9uJywgJy1waCcsICc3LjAnLCAnLXRuJywgJzgnLCAnLW1hJywgJzUwMCcsICctaW1hZScsICc8aW5maWxlLm1hZT4nLCAnLW9tYWUnLCAnPG91dGZpbGUubWFlPic=",0.8607,0.0000,0.8607,0.8736,0.874,0,0,"This compound has an ester and may undergo hydrolysis at high or low pH.",0,"S-OPLS",63.759,true,"MYH7_PPS_OM - prepared_ligand-2",,,,,,,,,,,"",,"PPS_Auto_Grid",2,8,-7.045,-0.243,-0.746,-1.613,-7.919,-4.185,0.000,0.000,-1.763,-50.929,-1.837,0.852,0.000,-83.554,-52.766,8.142,49,170,0.874
,"MYH7_PPS_OM - prepared_ligand","40","MYH7_PPS_OM.1_ligand","18 Jun 2026 18:54","18 Jun 2026 18:58",139.102,139.102,139.102,70.530,109.470,70.530,"P 1",1,"3.0",1,"/home/user320/PPS_Auto_Redock","PPS_Auto_Redock_pv.maegz",true,"2023-4",true,7.400,"eJztVdFqg0AQ/BXxOQTvvNPd/koIIqlJBRuLJoUi+ffu3TUZDbSFQokPvsjueHfjztzgEBfvVdfX7bGIn6LMKJOsIsHK5lw5ZIiVPDdDvHspu0PVu2aT6VytomS7ilypUaYoDUqLMkOZoySUfCspQQk2AhuBjcBGYCOwEdgIbAQ2BhuDjcHGYGOwMdgYbAw2Bht7NqnjtnsWzUdSBhUVBA1aKsgaFNUTwGKF9UB2BzhyBeWD6Ar6B+kVXAgGTAAebWEHOF8ULAruTACnhIZzwTQN/4J1Ci4GAzW8DDaqMcAYjvxwNAL8cM5jPQEwHPlZCMORn4WTe8DezuAwiwLgZ2EYxX4WTu8BzMLmeuh1hf8wxndwDqPc1XirjmVz+pC7kawNa9kZv1ansinCi9oncIi1+lqhhD022nc2yV2TXht1kbbftV0lyPHcNNLWx31b9KduhPRF29WHWo4XcF82fSX7/j3wozu1BH4J/BJ4yWyameznwKeZtQh8mnOKxEun55z4mf3iRxYuiV8S/4jE63Umkn+TeJ9xWZG72xMyLh2RmXPGZ/ZXXzK+ZPzhGbd5/kvGLWszyniS2j9nfHu5fAIF/IJQ",-3119.747,0.086,3.612,384.581,1599.446,3654.346,1403.034,-7575.875,-4422.419,1751.401,298.000,"PPS_Auto_Redock","1_PPS_Ligprep_3.maegz",1,64140,"W0NIM11PQyg9TylOMVtDSDJdW0NIMl1OKFtDSDJdW0NIMl0xKVtDSDJdYzJbY0hdW2NIXVtjSF1jKGMyRilbTkhdQyg9TylbTkhdYzNbY0hdbmMoW0NIM10pW2NIXVtjSF0z","J2VwaWtfcHl0aG9uJywgJy1waCcsICc3LjAnLCAnLXRuJywgJzgnLCAnLW1hJywgJzUwMCcsICctaW1hZScsICc8aW5maWxlLm1hZT4nLCAnLW9tYWUnLCAnPG91dGZpbGUubWFlPic=",1.8923,1.8923,0.0000,1.8674,3.760,2,2,"This compound has an ester and may undergo hydrolysis at high or low pH.",0,"S-OPLS",59.908,true,"MYH7_PPS_OM - prepared_ligand-3",,,,,,,,,,,"",,"PPS_Auto_Grid",3,8,-7.027,-0.242,-0.744,-1.609,-8.894,-4.077,-0.268,0.000,-1.567,-47.268,-9.754,0.844,0.000,-91.247,-57.022,12.306,198,157,1.867
,"MYH7_PPS_OM - prepared_ligand","41","MYH7_PPS_OM.1_ligand","18 Jun 2026 18:54","18 Jun 2026 18:58",139.102,139.102,139.102,70.530,109.470,70.530,"P 1",1,"3.0",1,"/home/user320/PPS_Auto_Redock","PPS_Auto_Redock_pv.maegz",true,"2023-4",true,7.400,"eJztVdFqg0AQ/BXxOQTvvNPd/koIIqlJBRuLJoUi+ffu3TUZDbSFQokPvsjueHfjztzgEBfvVdfX7bGIn6LMKJOsIsHK5lw5ZIiVPDdDvHspu0PVu2aT6VytomS7ilypUaYoDUqLMkOZoySUfCspQQk2AhuBjcBGYCOwEdgIbAQ2BhuDjcHGYGOwMdgYbAw2Bht7NqnjtnsWzUdSBhUVBA1aKsgaFNUTwGKF9UB2BzhyBeWD6Ar6B+kVXAgGTAAebWEHOF8ULAruTACnhIZzwTQN/4J1Ci4GAzW8DDaqMcAYjvxwNAL8cM5jPQEwHPlZCMORn4WTe8DezuAwiwLgZ2EYxX4WTu8BzMLmeuh1hf8wxndwDqPc1XirjmVz+pC7kawNa9kZv1ansinCi9oncIi1+lqhhD022nc2yV2TXht1kbbftV0lyPHcNNLWx31b9KduhPRF29WHWo4XcF82fSX7/j3wozu1BH4J/BJ4yWyameznwKeZtQh8mnOKxEun55z4mf3iRxYuiV8S/4jE63Umkn+TeJ9xWZG72xMyLh2RmXPGZ/ZXXzK+ZPzhGbd5/kvGLWszyniS2j9nfHu5fAIF/IJQ",-3119.747,0.086,3.612,384.581,1599.446,3654.346,1403.034,-7575.875,-4422.419,1751.401,298.000,"PPS_Auto_Redock","1_PPS_Ligprep_3.maegz",1,64140,"W0NIM11PQyg9TylOMVtDSDJdW0NIMl1OKFtDSDJdW0NIMl0xKVtDSDJdYzJbY0hdW2NIXVtjSF1jKGMyRilbTkhdQyg9TylbTkhdYzNbY0hdbmMoW0NIM10pW2NIXVtjSF0z","J2VwaWtfcHl0aG9uJywgJy1waCcsICc3LjAnLCAnLXRuJywgJzgnLCAnLW1hJywgJzUwMCcsICctaW1hZScsICc8aW5maWxlLm1hZT4nLCAnLW9tYWUnLCAnPG91dGZpbGUubWFlPic=",1.8923,1.8923,0.0000,1.8674,3.760,2,2,"This compound has an ester and may undergo hydrolysis at high or low pH.",0,"S-OPLS",59.908,true,"MYH7_PPS_OM - prepared_ligand-3",,,,,,,,,,,"",,"PPS_Auto_Grid",3,8,-6.900,-0.238,-0.731,-1.580,-8.767,-4.007,-0.139,0.000,-1.292,-49.071,-11.108,0.844,-0.055,-97.133,-60.179,7.167,35,151,1.867
,"MYH7_PPS_OM - prepared_ligand","42","MYH7_PPS_OM.1_ligand","18 Jun 2026 18:54","18 Jun 2026 18:58",139.102,139.102,139.102,70.530,109.470,70.530,"P 1",1,"3.0",1,"/home/user320/PPS_Auto_Redock","PPS_Auto_Redock_pv.maegz",true,"2023-4",true,7.400,"eJztVdFqg0AQ/BXxOQTvvNPd/koIIqlJBRuLJoUi+ffu3TUZDbSFQokPvsjueHfjztzgEBfvVdfX7bGIn6LMKJOsIsHK5lw5ZIiVPDdDvHspu0PVu2aT6VytomS7ilypUaYoDUqLMkOZoySUfCspQQk2AhuBjcBGYCOwEdgIbAQ2BhuDjcHGYGOwMdgYbAw2Bht7NqnjtnsWzUdSBhUVBA1aKsgaFNUTwGKF9UB2BzhyBeWD6Ar6B+kVXAgGTAAebWEHOF8ULAruTACnhIZzwTQN/4J1Ci4GAzW8DDaqMcAYjvxwNAL8cM5jPQEwHPlZCMORn4WTe8DezuAwiwLgZ2EYxX4WTu8BzMLmeuh1hf8wxndwDqPc1XirjmVz+pC7kawNa9kZv1ansinCi9oncIi1+lqhhD022nc2yV2TXht1kbbftV0lyPHcNNLWx31b9KduhPRF29WHWo4XcF82fSX7/j3wozu1BH4J/BJ4yWyameznwKeZtQh8mnOKxEun55z4mf3iRxYuiV8S/4jE63Umkn+TeJ9xWZG72xMyLh2RmXPGZ/ZXXzK+ZPzhGbd5/kvGLWszyniS2j9nfHu5fAIF/IJQ",-3119.747,0.086,3.612,384.581,1599.446,3654.346,1403.034,-7575.875,-4422.419,1751.401,298.000,"PPS_Auto_Redock","1_PPS_Ligprep_3.maegz",1,64140,"W0NIM11PQyg9TylOMVtDSDJdW0NIMl1OKFtDSDJdW0NIMl0xKVtDSDJdYzJbY0hdW2NIXVtjSF1jKGMyRilbTkhdQyg9TylbTkhdYzNbY0hdbmMoW0NIM10pW2NIXVtjSF0z","J2VwaWtfcHl0aG9uJywgJy1waCcsICc3LjAnLCAnLXRuJywgJzgnLCAnLW1hJywgJzUwMCcsICctaW1hZScsICc8aW5maWxlLm1hZT4nLCAnLW9tYWUnLCAnPG91dGZpbGUubWFlPic=",0.8607,0.0000,0.8607,0.8736,0.874,0,0,"This compound has an ester and may undergo hydrolysis at high or low pH.",0,"S-OPLS",63.759,true,"MYH7_PPS_OM - prepared_ligand-2",,,,,,,,,,,"",,"PPS_Auto_Grid",2,8,-6.764,-0.233,-0.717,-1.549,-7.638,-3.968,-0.085,0.000,-1.519,-45.678,-4.229,0.852,0.000,-78.028,-49.906,10.482,186,282,0.874
,"MYH7_PPS_OM - prepared_ligand","43","MYH7_PPS_OM.1_ligand","18 Jun 2026 18:54","18 Jun 2026 18:58",139.102,139.102,139.102,70.530,109.470,70.530,"P 1",1,"3.0",1,"/home/user320/PPS_Auto_Redock","PPS_Auto_Redock_pv.maegz",true,"2023-4",true,7.400,"eJztVdFqg0AQ/BXxOQTvvNPd/koIIqlJBRuLJoUi+ffu3TUZDbSFQokPvsjueHfjztzgEBfvVdfX7bGIn6LMKJOsIsHK5lw5ZIiVPDdDvHspu0PVu2aT6VytomS7ilypUaYoDUqLMkOZoySUfCspQQk2AhuBjcBGYCOwEdgIbAQ2BhuDjcHGYGOwMdgYbAw2Bht7NqnjtnsWzUdSBhUVBA1aKsgaFNUTwGKF9UB2BzhyBeWD6Ar6B+kVXAgGTAAebWEHOF8ULAruTACnhIZzwTQN/4J1Ci4GAzW8DDaqMcAYjvxwNAL8cM5jPQEwHPlZCMORn4WTe8DezuAwiwLgZ2EYxX4WTu8BzMLmeuh1hf8wxndwDqPc1XirjmVz+pC7kawNa9kZv1ansinCi9oncIi1+lqhhD022nc2yV2TXht1kbbftV0lyPHcNNLWx31b9KduhPRF29WHWo4XcF82fSX7/j3wozu1BH4J/BJ4yWyameznwKeZtQh8mnOKxEun55z4mf3iRxYuiV8S/4jE63Umkn+TeJ9xWZG72xMyLh2RmXPGZ/ZXXzK+ZPzhGbd5/kvGLWszyniS2j9nfHu5fAIF/IJQ",-3119.747,0.086,3.612,384.581,1599.446,3654.346,1403.034,-7575.875,-4422.419,1751.401,298.000,"PPS_Auto_Redock","1_PPS_Ligprep_3.maegz",1,64140,"W0NIM11PQyg9TylOMVtDSDJdW0NIMl1OKFtDSDJdW0NIMl0xKVtDSDJdYzJbY0hdW2NIXVtjSF1jKGMyRilbTkhdQyg9TylbTkhdYzNbY0hdbmMoW0NIM10pW2NIXVtjSF0z","J2VwaWtfcHl0aG9uJywgJy1waCcsICc3LjAnLCAnLXRuJywgJzgnLCAnLW1hJywgJzUwMCcsICctaW1hZScsICc8aW5maWxlLm1hZT4nLCAnLW9tYWUnLCAnPG91dGZpbGUubWFlPic=",2.4636,1.6413,0.8223,2.4980,4.139,1,1,"This compound has an ester and may undergo hydrolysis at high or low pH.",0,"S-OPLS",65.813,true,"MYH7_PPS_OM - prepared_ligand-4",,,,,,,,,,,"",,"PPS_Auto_Grid",4,8,-6.711,-0.231,-0.711,-1.537,-9.209,-2.545,-0.490,0.000,-1.587,-48.001,-17.144,0.848,-0.464,-101.260,-65.145,13.481,148,308,2.498
,"MYH7_PPS_OM - prepared_ligand","44","MYH7_PPS_OM.1_ligand","18 Jun 2026 18:54","18 Jun 2026 18:58",139.102,139.102,139.102,70.530,109.470,70.530,"P 1",1,"3.0",1,"/home/user320/PPS_Auto_Redock","PPS_Auto_Redock_pv.maegz",true,"2023-4",true,7.400,"eJztVdFqg0AQ/BXxOQTvvNPd/koIIqlJBRuLJoUi+ffu3TUZDbSFQokPvsjueHfjztzgEBfvVdfX7bGIn6LMKJOsIsHK5lw5ZIiVPDdDvHspu0PVu2aT6VytomS7ilypUaYoDUqLMkOZoySUfCspQQk2AhuBjcBGYCOwEdgIbAQ2BhuDjcHGYGOwMdgYbAw2Bht7NqnjtnsWzUdSBhUVBA1aKsgaFNUTwGKF9UB2BzhyBeWD6Ar6B+kVXAgGTAAebWEHOF8ULAruTACnhIZzwTQN/4J1Ci4GAzW8DDaqMcAYjvxwNAL8cM5jPQEwHPlZCMORn4WTe8DezuAwiwLgZ2EYxX4WTu8BzMLmeuh1hf8wxndwDqPc1XirjmVz+pC7kawNa9kZv1ansinCi9oncIi1+lqhhD022nc2yV2TXht1kbbftV0lyPHcNNLWx31b9KduhPRF29WHWo4XcF82fSX7/j3wozu1BH4J/BJ4yWyameznwKeZtQh8mnOKxEun55z4mf3iRxYuiV8S/4jE63Umkn+TeJ9xWZG72xMyLh2RmXPGZ/ZXXzK+ZPzhGbd5/kvGLWszyniS2j9nfHu5fAIF/IJQ",-3119.747,0.086,3.612,384.581,1599.446,3654.346,1403.034,-7575.875,-4422.419,1751.401,298.000,"PPS_Auto_Redock","1_PPS_Ligprep_3.maegz",1,64140,"W0NIM11PQyg9TylOMVtDSDJdW0NIMl1OKFtDSDJdW0NIMl0xKVtDSDJdYzJbY0hdW2NIXVtjSF1jKGMyRilbTkhdQyg9TylbTkhdYzNbY0hdbmMoW0NIM10pW2NIXVtjSF0z","J2VwaWtfcHl0aG9uJywgJy1waCcsICc3LjAnLCAnLXRuJywgJzgnLCAnLW1hJywgJzUwMCcsICctaW1hZScsICc8aW5maWxlLm1hZT4nLCAnLW9tYWUnLCAnPG91dGZpbGUubWFlPic=",2.4636,1.6413,0.8223,2.4980,4.139,1,1,"This compound has an ester and may undergo hydrolysis at high or low pH.",0,"S-OPLS",65.813,true,"MYH7_PPS_OM - prepared_ligand-4",,,,,,,,,,,"",,"PPS_Auto_Grid",4,8,-6.498,-0.224,-0.688,-1.488,-8.996,-2.621,-0.471,0.000,-1.694,-42.847,-16.864,0.848,-0.386,-96.726,-59.711,10.129,184,281,2.498
,"MYH7_PPS_OM - prepared_ligand","45","MYH7_PPS_OM.1_ligand","18 Jun 2026 18:54","18 Jun 2026 18:58",139.102,139.102,139.102,70.530,109.470,70.530,"P 1",1,"3.0",1,"/home/user320/PPS_Auto_Redock","PPS_Auto_Redock_pv.maegz",true,"2023-4",true,7.400,"eJztVdFqg0AQ/BXxOQTvvNPd/koIIqlJBRuLJoUi+ffu3TUZDbSFQokPvsjueHfjztzgEBfvVdfX7bGIn6LMKJOsIsHK5lw5ZIiVPDdDvHspu0PVu2aT6VytomS7ilypUaYoDUqLMkOZoySUfCspQQk2AhuBjcBGYCOwEdgIbAQ2BhuDjcHGYGOwMdgYbAw2Bht7NqnjtnsWzUdSBhUVBA1aKsgaFNUTwGKF9UB2BzhyBeWD6Ar6B+kVXAgGTAAebWEHOF8ULAruTACnhIZzwTQN/4J1Ci4GAzW8DDaqMcAYjvxwNAL8cM5jPQEwHPlZCMORn4WTe8DezuAwiwLgZ2EYxX4WTu8BzMLmeuh1hf8wxndwDqPc1XirjmVz+pC7kawNa9kZv1ansinCi9oncIi1+lqhhD022nc2yV2TXht1kbbftV0lyPHcNNLWx31b9KduhPRF29WHWo4XcF82fSX7/j3wozu1BH4J/BJ4yWyameznwKeZtQh8mnOKxEun55z4mf3iRxYuiV8S/4jE63Umkn+TeJ9xWZG72xMyLh2RmXPGZ/ZXXzK+ZPzhGbd5/kvGLWszyniS2j9nfHu5fAIF/IJQ",-3119.747,0.086,3.612,384.581,1599.446,3654.346,1403.034,-7575.875,-4422.419,1751.401,298.000,"PPS_Auto_Redock","1_PPS_Ligprep_3.maegz",1,64140,"W0NIM11PQyg9TylOMVtDSDJdW0NIMl1OKFtDSDJdW0NIMl0xKVtDSDJdYzJbY0hdW2NIXVtjSF1jKGMyRilbTkhdQyg9TylbTkhdYzNbY0hdbmMoW0NIM10pW2NIXVtjSF0z","J2VwaWtfcHl0aG9uJywgJy1waCcsICc3LjAnLCAnLXRuJywgJzgnLCAnLW1hJywgJzUwMCcsICctaW1hZScsICc8aW5maWxlLm1hZT4nLCAnLW9tYWUnLCAnPG91dGZpbGUubWFlPic=",2.4636,1.6413,0.8223,2.4980,4.139,1,1,"This compound has an ester and may undergo hydrolysis at high or low pH.",0,"S-OPLS",65.813,true,"MYH7_PPS_OM - prepared_ligand-4",,,,,,,,,,,"",,"PPS_Auto_Grid",4,8,-6.214,-0.214,-0.658,-1.423,-8.712,-2.515,-0.512,0.000,-1.701,-42.081,-16.120,0.848,-0.309,-96.000,-58.201,5.901,144,164,2.498
,"MYH7_PPS_OM - prepared_ligand","46","MYH7_PPS_OM.1_ligand","18 Jun 2026 18:54","18 Jun 2026 18:58",139.102,139.102,139.102,70.530,109.470,70.530,"P 1",1,"3.0",1,"/home/user320/PPS_Auto_Redock","PPS_Auto_Redock_pv.maegz",true,"2023-4",true,7.400,"eJztVdFqg0AQ/BXxOQTvvNPd/koIIqlJBRuLJoUi+ffu3TUZDbSFQokPvsjueHfjztzgEBfvVdfX7bGIn6LMKJOsIsHK5lw5ZIiVPDdDvHspu0PVu2aT6VytomS7ilypUaYoDUqLMkOZoySUfCspQQk2AhuBjcBGYCOwEdgIbAQ2BhuDjcHGYGOwMdgYbAw2Bht7NqnjtnsWzUdSBhUVBA1aKsgaFNUTwGKF9UB2BzhyBeWD6Ar6B+kVXAgGTAAebWEHOF8ULAruTACnhIZzwTQN/4J1Ci4GAzW8DDaqMcAYjvxwNAL8cM5jPQEwHPlZCMORn4WTe8DezuAwiwLgZ2EYxX4WTu8BzMLmeuh1hf8wxndwDqPc1XirjmVz+pC7kawNa9kZv1ansinCi9oncIi1+lqhhD022nc2yV2TXht1kbbftV0lyPHcNNLWx31b9KduhPRF29WHWo4XcF82fSX7/j3wozu1BH4J/BJ4yWyameznwKeZtQh8mnOKxEun55z4mf3iRxYuiV8S/4jE63Umkn+TeJ9xWZG72xMyLh2RmXPGZ/ZXXzK+ZPzhGbd5/kvGLWszyniS2j9nfHu5fAIF/IJQ",-3119.747,0.086,3.612,384.581,1599.446,3654.346,1403.034,-7575.875,-4422.419,1751.401,298.000,"PPS_Auto_Redock","1_PPS_Ligprep_3.maegz",1,64140,"W0NIM11PQyg9TylOMVtDSDJdW0NIMl1OKFtDSDJdW0NIMl0xKVtDSDJdYzJbY0hdW2NIXVtjSF1jKGMyRilbTkhdQyg9TylbTkhdYzNbY0hdbmMoW0NIM10pW2NIXVtjSF0z","J2VwaWtfcHl0aG9uJywgJy1waCcsICc3LjAnLCAnLXRuJywgJzgnLCAnLW1hJywgJzUwMCcsICctaW1hZScsICc8aW5maWxlLm1hZT4nLCAnLW9tYWUnLCAnPG91dGZpbGUubWFlPic=",2.4636,1.6413,0.8223,2.4980,4.139,1,1,"This compound has an ester and may undergo hydrolysis at high or low pH.",0,"S-OPLS",65.813,true,"MYH7_PPS_OM - prepared_ligand-4",,,,,,,,,,,"",,"PPS_Auto_Grid",4,8,-5.781,-0.199,-0.612,-1.324,-8.279,-3.943,-0.464,0.000,-1.069,-47.985,-7.681,0.848,-0.099,-89.791,-55.666,9.024,224,287,2.498
,"MYH7_PPS_OM - prepared_ligand","47","MYH7_PPS_OM.1_ligand","18 Jun 2026 18:54","18 Jun 2026 18:58",139.102,139.102,139.102,70.530,109.470,70.530,"P 1",1,"3.0",1,"/home/user320/PPS_Auto_Redock","PPS_Auto_Redock_pv.maegz",true,"2023-4",true,7.400,"eJztVdFqg0AQ/BXxOQTvvNPd/koIIqlJBRuLJoUi+ffu3TUZDbSFQokPvsjueHfjztzgEBfvVdfX7bGIn6LMKJOsIsHK5lw5ZIiVPDdDvHspu0PVu2aT6VytomS7ilypUaYoDUqLMkOZoySUfCspQQk2AhuBjcBGYCOwEdgIbAQ2BhuDjcHGYGOwMdgYbAw2Bht7NqnjtnsWzUdSBhUVBA1aKsgaFNUTwGKF9UB2BzhyBeWD6Ar6B+kVXAgGTAAebWEHOF8ULAruTACnhIZzwTQN/4J1Ci4GAzW8DDaqMcAYjvxwNAL8cM5jPQEwHPlZCMORn4WTe8DezuAwiwLgZ2EYxX4WTu8BzMLmeuh1hf8wxndwDqPc1XirjmVz+pC7kawNa9kZv1ansinCi9oncIi1+lqhhD022nc2yV2TXht1kbbftV0lyPHcNNLWx31b9KduhPRF29WHWo4XcF82fSX7/j3wozu1BH4J/BJ4yWyameznwKeZtQh8mnOKxEun55z4mf3iRxYuiV8S/4jE63Umkn+TeJ9xWZG72xMyLh2RmXPGZ/ZXXzK+ZPzhGbd5/kvGLWszyniS2j9nfHu5fAIF/IJQ",-3119.747,0.086,3.612,384.581,1599.446,3654.346,1403.034,-7575.875,-4422.419,1751.401,298.000,"PPS_Auto_Redock","1_PPS_Ligprep_3.maegz",1,64140,"W0NIM11PQyg9TylOMVtDSDJdW0NIMl1OKFtDSDJdW0NIMl0xKVtDSDJdYzJbY0hdW2NIXVtjSF1jKGMyRilbTkhdQyg9TylbTkhdYzNbY0hdbmMoW0NIM10pW2NIXVtjSF0z","J2VwaWtfcHl0aG9uJywgJy1waCcsICc3LjAnLCAnLXRuJywgJzgnLCAnLW1hJywgJzUwMCcsICctaW1hZScsICc8aW5maWxlLm1hZT4nLCAnLW9tYWUnLCAnPG91dGZpbGUubWFlPic=",2.4636,1.6413,0.8223,2.4980,4.139,1,1,"This compound has an ester and may undergo hydrolysis at high or low pH.",0,"S-OPLS",65.813,true,"MYH7_PPS_OM - prepared_ligand-4",,,,,,,,,,,"",,"PPS_Auto_Grid",4,8,-5.701,-0.197,-0.604,-1.305,-8.199,-4.259,-0.005,0.000,-1.769,-49.090,-3.736,0.848,0.000,-87.006,-52.826,8.041,49,187,2.498
