group,rank,molecule_id,pps_score,pr_score,margin,signature_residues,amine_atom_indices,carbonyl_oxygen_indices,aromatic_ring_indices,mcs_atom_indices,mcs_atoms,mcs_bonds,mcs_heavy_atom_percent,mcs_smarts
Best 10,1,264_22-4,-14.2256,-11.2804,2.9452,THR94;SER118;GLU497;TYR722,8;36,2;37,,0;1;3;4;5;6;46;47,8,8,16.666666666666668,[#6&!R](-&!@[#7&!R])-&!@[#6]1:&@[#6]:&@[#6]:&@[#6]:&@[#6]:&@[#6]:&@1
Best 10,2,278_5-3,-14.432,-11.0688,3.363200000000001,SER118;GLU497;ASN711;ARG712,0;10;25,29,,10;11;12;13;14;15;42;43,8,8,17.391304347826086,[#6&!R](-&!@[#7&!R])-&!@[#6]1:&@[#6]:&@[#6]:&@[#6]:&@[#6]:&@[#6]:&@1
Best 10,3,252_31-4,-14.3718,-10.8413,3.5305,ALA91;THR94;SER118;GLU497,0;10;22,34,,0;1;3;4;5;6;7;40,8,8,19.51219512195122,[#6&!R](-&!@[#7&!R])-&!@[#6]1:&@[#6]:&@[#6]:&@[#6]:&@[#6]:&@[#6]:&@1
Best 10,4,242_62-4,-14.5293,-10.6505,3.8788,THR94;SER118;GLU497;TYR722,10;36,2;37,,0;1;3;4;5;6;7;44,8,8,17.77777777777778,[#6&!R](-&!@[#7&!R])-&!@[#6]1:&@[#6]:&@[#6]:&@[#6]:&@[#6]:&@[#6]:&@1
Best 10,5,201_35-10,-14.535,-10.5986,3.936400000000001,SER118;GLU497;ASN711;ARG712,8;11,2;28,,0;1;3;4;5;6;7;46,8,8,17.02127659574468,[#6&!R](-&!@[#7&!R])-&!@[#6]1:&@[#6]:&@[#6]:&@[#6]:&@[#6]:&@[#6]:&@1
Best 10,6,238_48-7,-14.1154,-10.596,3.519399999999999,ALA91;THR94;TYR722,0;35,2,,0;1;3;4;5;6;47;48,8,8,16.3265306122449,[#6&!R](-&!@[#7&!R])-&!@[#6]1:&@[#6]:&@[#6]:&@[#6]:&@[#6]:&@[#6]:&@1
Best 10,7,330_56-7,-14.1906,-10.5737,3.6168999999999993,THR94;GLU497;ASN711;ARG712,14;23,8,,25;26;27;28;29;30;43;44,8,8,17.391304347826086,[#6&!R](-&!@[#7&!R])-&!@[#6]1:&@[#6]:&@[#6]:&@[#6]:&@[#6]:&@[#6]:&@1
Best 10,8,278_52-1,-14.1487,-10.5549,3.5938,THR94,0,,,9;10;11;12;13;15;43;44,8,8,17.391304347826086,[#6&!R](-&!@[#7&!R])-&!@[#6]1:&@[#6]:&@[#6]:&@[#6]:&@[#6]:&@[#6]:&@1
Best 10,9,333_31-6,-14.9048,-10.3143,4.5905000000000005,THR94;SER118;GLU497;TYR722,0;11;33,2;34,,15;16;17;18;19;20;40;41,8,8,17.77777777777778,[#6&!R](-&!@[#7&!R])-&!@[#6]1:&@[#6]:&@[#6]:&@[#6]:&@[#6]:&@[#6]:&@1
Best 10,10,244_38-5,-14.5199,-10.2031,4.316800000000001,THR94;PRO710;ARG712;TYR722,0;8;34,2,,0;1;3;4;5;6;41;42,8,8,18.6046511627907,[#6&!R](-&!@[#7&!R])-&!@[#6]1:&@[#6]:&@[#6]:&@[#6]:&@[#6]:&@[#6]:&@1
Worst 10,1,299_14-1,-14.1433,-5.81756,8.32574,TYR722,,2,,16;17;18;19;20;21;22;23;34;35,10,10,25.641025641025642,[#6]1:&@[#6]:&@[#6]:&@[#6]:&@[#6](:&@[#6]:&@1)-&!@[#6&!R]-&!@[#7&!R]-&!@[#6&!R]=&!@[#8&!R]
Worst 10,2,291_58-1,-14.4222,-5.83905,8.58315,GLU497;PRO710,7;13,,,15;16;17;18;19;20;21;22;38;39,10,10,22.727272727272727,[#6]1:&@[#6]:&@[#6]:&@[#6]:&@[#6](:&@[#6]:&@1)-&!@[#6&!R]-&!@[#7&!R]-&!@[#6&!R]=&!@[#8&!R]
Worst 10,3,347_8-1,-14.1537,-6.01744,8.13626,THR94;GLU497,0;32,,,19;20;21;22;23;24;25;26;37;38,10,10,22.727272727272727,[#6]1:&@[#6]:&@[#6]:&@[#6]:&@[#6](:&@[#6]:&@1)-&!@[#6&!R]-&!@[#7&!R]-&!@[#6&!R]=&!@[#8&!R]
Worst 10,4,339_57-1,-14.1733,-6.27363,7.899669999999999,TYR722,,30,,15;16;17;18;19;20;21;22;35;36,10,10,24.390243902439025,[#6]1:&@[#6]:&@[#6]:&@[#6]:&@[#6](:&@[#6]:&@1)-&!@[#6&!R]-&!@[#7&!R]-&!@[#6&!R]=&!@[#8&!R]
Worst 10,5,354_42-1,-14.213,-6.29011,7.922889999999999,GLU497,2;43,,,0;1;2;3;4;5;6;7;33;34,10,10,22.727272727272727,[#6]1:&@[#6]:&@[#6]:&@[#6]:&@[#6](:&@[#6]:&@1)-&!@[#6&!R]-&!@[#7&!R]-&!@[#6&!R]=&!@[#8&!R]
Worst 10,6,295_3-1,-14.472,-6.31128,8.16072,ARG712,7;10,,,12;13;14;15;16;17;18;19;38;39,10,10,23.80952380952381,[#6]1:&@[#6]:&@[#6]:&@[#6]:&@[#6](:&@[#6]:&@1)-&!@[#6&!R]-&!@[#7&!R]-&!@[#6&!R]=&!@[#8&!R]
Worst 10,7,329_50-1,-14.7524,-6.46766,8.28474,THR94;TYR722,0,2,,16;17;18;19;20;21;22;23;36;37,10,10,24.390243902439025,[#6]1:&@[#6]:&@[#6]:&@[#6]:&@[#6](:&@[#6]:&@1)-&!@[#6&!R]-&!@[#7&!R]-&!@[#6&!R]=&!@[#8&!R]
Worst 10,8,344_32-3,-14.1292,-6.56237,7.566830000000001,,,,,5;6;7;8;9;10;11;12;37;38,10,10,24.390243902439025,[#6]1:&@[#6]:&@[#6]:&@[#6]:&@[#6](:&@[#6]:&@1)-&!@[#6&!R]-&!@[#7&!R]-&!@[#6&!R]=&!@[#8&!R]
Worst 10,9,321_59-1,-14.1031,-6.61053,7.49257,THR94;TYR722,0,2,,15;16;17;18;19;20;21;22;34;35,10,10,25.0,[#6]1:&@[#6]:&@[#6]:&@[#6]:&@[#6](:&@[#6]:&@1)-&!@[#6&!R]-&!@[#7&!R]-&!@[#6&!R]=&!@[#8&!R]
Worst 10,10,344_28-1,-14.3111,-6.63326,7.67784,ARG712;TYR722,,35,3;4;5;6;46;47,18;19;20;21;22;23;24;25;40;41,10,10,20.833333333333332,[#6]1:&@[#6]:&@[#6]:&@[#6]:&@[#6](:&@[#6]:&@1)-&!@[#6&!R]-&!@[#7&!R]-&!@[#6&!R]=&!@[#8&!R]
