molecule_id,pps_score,amine_atom_indices,carbonyl_oxygen_indices,his666_aromatic_ring_indices,mcs_atom_indices,mcs_bond_indices,amine_contact_residues,carbonyl_contact_residues,aromatic_contact_residues,combined_network
235_27-6,-7.37788,3;28,0,,7;8;9;10;17;18;26;27,7;8;9;17;18;27;28;29,ASP168,ARG712;ASN711,,True
289_9-4,-8.34332,,,,15;16;17;18;19;20;21;22,16;17;18;19;20;21;22;23,,,,False
196_17-5,-8.53841,,,1;2;3;4;37;38,0;1;2;3;4;5;37;38,0;1;2;3;4;41;42;43,,,TYR164,False
132_45-9,-8.55791,,,,25;26;27;28;29;30;31;32,27;28;29;30;31;32;33;34,,,,False
257_57-5,-8.6287,7;11,9,,24;25;26;27;28;29;30;31,25;26;27;28;29;30;31;32,ASP168,ARG712;ASN711,,True
311_2-7,-8.82221,,,,21;22;23;24;25;26;27;28,24;25;26;27;28;29;30;31,,,,False
103_28-6,-8.83932,,,,23;24;25;26;27;28;29;30,25;26;27;28;29;30;31;32,,,,False
179_44-6,-8.93957,,,,0;1;2;3;4;5;27;28,0;1;2;3;4;29;30;31,,,,False
197_27-2,-8.94039,,,3;4;5;25;36;37,3;4;5;6;25;36;37;38,3;4;5;27;39;40;41;42,,,HIS666,False
237_61-6,-8.97748,,,,15;16;17;18;19;20;21;22,15;16;17;18;19;20;21;22,,,,False
