group,group_role,display_receptor,molecule_id,pr_score,pps_score,selectivity_margin,selected_contact_residues,amine_atom_indices,carbonyl_oxygen_indices,aromatic_ring_indices,group_mcs_atoms,group_mcs_bonds,group_mcs_percent,group_mcs_smarts
PR-native Best 5,PR-compatible reference,PR,248_35-2,-12.1111,-10.6232,1.4878999999999998,ALA91;ARG712;ASN711;PRO710;SER118;THR94,0;11,9,,6,6,20.689655172413794,[#6]1:&@[#6]:&@[#6]:&@[#6]:&@[#6]:&@[#6]:&@1
PR-native Best 5,PR-compatible reference,PR,287_14-1,-12.1023,-11.2407,0.8615999999999993,ALA91;ARG712;ASN711;GLU497;PRO710;SER118;THR94;TYR722,0;14,2,,6,6,20.0,[#6]1:&@[#6]:&@[#6]:&@[#6]:&@[#6]:&@[#6]:&@1
PR-native Best 5,PR-compatible reference,PR,196_17-5,-11.9179,-8.53841,3.3794899999999988,ALA91;ARG712;SER118;TYR722,6;9,,,6,6,15.384615384615385,[#6]1:&@[#6]:&@[#6]:&@[#6]:&@[#6]:&@[#6]:&@1
PR-native Best 5,PR-compatible reference,PR,340_36-1,-11.8393,-10.8774,0.9619,ALA91;ARG712;THR94;TYR722,0;9;11,2,,6,6,20.0,[#6]1:&@[#6]:&@[#6]:&@[#6]:&@[#6]:&@[#6]:&@1
PR-native Best 5,PR-compatible reference,PR,347_40-4,-11.6497,-9.77679,1.8729099999999992,ALA91;ARG712;ASN711;SER118;THR94;TYR722,0;11,2,,6,6,19.35483870967742,[#6]1:&@[#6]:&@[#6]:&@[#6]:&@[#6]:&@[#6]:&@1
PPS-crossdock Best 5,Cross-state compatible,PPS,315_53-3,-11.3341,-12.0374,-0.7033000000000005,ARG712;ASN711;ASP168;HIS666;TYR164,14;18,2;17,22;23;24;25;26,4,3,12.5,[#6&!R](-&!@[#7&!R])(=&!@[#8&!R])-&!@[#6&R]
PPS-crossdock Best 5,Cross-state compatible,PPS,306_62-7,-11.0503,-11.9075,-0.8572000000000006,ARG712;ASN711;ASP168;GLY768;TYR164,0;22;29,2;23,3;4;5;28;29,4,3,13.333333333333334,[#6&!R](-&!@[#7&!R])(=&!@[#8&!R])-&!@[#6&R]
PPS-crossdock Best 5,Cross-state compatible,PPS,249_2-7,-10.9467,-11.8687,-0.9220000000000006,ARG712;ASN711;ASP168;HIS666,7;11,9,3;4;5;6;29;30,4,3,12.903225806451612,[#6&!R](-&!@[#7&!R])(=&!@[#8&!R])-&!@[#6&R]
PPS-crossdock Best 5,Cross-state compatible,PPS,275_26-2,-10.9091,-11.7845,-0.8753999999999991,ARG712;ASN711;ASP168;GLY768,21,2;22,,4,3,13.793103448275861,[#6&!R](-&!@[#7&!R])(=&!@[#8&!R])-&!@[#6&R]
PPS-crossdock Best 5,Cross-state compatible,PPS,280_49-1,-10.7626,-11.7066,-0.9439999999999992,ARG712;ASN711;GLY768;TYR164,0,2;10,,4,3,13.793103448275861,[#6&!R](-&!@[#7&!R])(=&!@[#8&!R])-&!@[#6&R]
PPS-crossdock Worst 5,PR-selective candidates,PPS,235_27-6,-11.0566,-7.37788,3.6787199999999993,ARG712;ASN711;ASP168,3;28,0,,8,8,22.22222222222222,"[#6]1-,:;@[#6]-,:;@[#6](-,:;@[#6]-,:;@[#6]-,:;@[#6]-,:;@1-&!@[#6&R])-&!@[#8&!R]"
PPS-crossdock Worst 5,PR-selective candidates,PPS,289_9-4,-11.0446,-8.34332,2.701280000000001,,,,,8,8,22.857142857142858,"[#6]1-,:;@[#6]-,:;@[#6](-,:;@[#6]-,:;@[#6]-,:;@[#6]-,:;@1-&!@[#6&R])-&!@[#8&!R]"
PPS-crossdock Worst 5,PR-selective candidates,PPS,196_17-5,-11.9179,-8.53841,3.3794899999999988,TYR164,,,1;2;3;4;37;38,8,8,20.512820512820515,"[#6]1-,:;@[#6]-,:;@[#6](-,:;@[#6]-,:;@[#6]-,:;@[#6]-,:;@1-&!@[#6&R])-&!@[#8&!R]"
PPS-crossdock Worst 5,PR-selective candidates,PPS,132_45-9,-10.7242,-8.55791,2.16629,ASN711,,,,8,8,22.22222222222222,"[#6]1-,:;@[#6]-,:;@[#6](-,:;@[#6]-,:;@[#6]-,:;@[#6]-,:;@1-&!@[#6&R])-&!@[#8&!R]"
PPS-crossdock Worst 5,PR-selective candidates,PPS,257_57-5,-10.7318,-8.6287,2.1030999999999995,ARG712;ASN711;ASP168;TYR722,0;7;11,9,,8,8,22.22222222222222,"[#6]1-,:;@[#6]-,:;@[#6](-,:;@[#6]-,:;@[#6]-,:;@[#6]-,:;@1-&!@[#6&R])-&!@[#8&!R]"
