molecule_id,pps_score,amine_atom_indices,carbonyl_oxygen_indices,amine_contact_residues,carbonyl_contact_residues,combined_network
315_53-3,-12.0374,14;18,2;17,ASP168,ARG712;ASN711;TYR164,True
306_62-7,-11.9075,0,2;23,ASP168,ARG712;GLY768,True
249_2-7,-11.8687,7;11,9,ASP168,ARG712;ASN711,True
275_26-2,-11.7845,21,2;22,ASP168,ARG712;ASN711;GLY768,True
280_49-1,-11.7066,,2;10,,GLY768;TYR164,False
351_34-1,-11.5872,0,2,ASP168,ARG712;ASN711,True
314_33-3,-11.5093,3;21,0,ASP168,ARG712;ASN711,True
205_58-3,-11.4695,3;19,0,ASP168,ARG712;ASN711,True
354_46-1,-11.4004,0,2,ASP168,ARG712;ASN711,True
284_41-3,-11.3083,0,2,ASP168,ARG712;ASN711,True
