group,molecule_id,pr_score,residue,interaction_type,ligand_atom_index,atom_symbol,formal_charge,is_aromatic,radius1_fragment
Best PR docking,264_22-4,-11.2804,GLU497.A,HBDonor,8,N,0,False,CNC
Best PR docking,264_22-4,-11.2804,THR94.A,HBDonor,36,N,0,False,CN
Best PR docking,264_22-4,-11.2804,SER118.A,HBAcceptor,2,O,0,False,C=O
Best PR docking,278_5-3,-11.0688,GLU497.A,HBDonor,10,N,0,False,CNC
Best PR docking,278_5-3,-11.0688,ASN711.A,HBAcceptor,29,O,0,False,C=O
Best PR docking,278_5-3,-11.0688,ARG712.A,HBDonor,25,N,1,False,C[N+]
Best PR docking,278_5-3,-11.0688,ARG712.A,HBAcceptor,29,O,0,False,C=O
Best PR docking,278_5-3,-11.0688,SER118.A,HBDonor,0,N,0,False,cN
Best PR docking,252_31-4,-10.8413,GLU497.A,HBDonor,22,N,0,False,CNC
Best PR docking,252_31-4,-10.8413,THR94.A,HBDonor,0,N,0,False,CN
Best PR docking,252_31-4,-10.8413,SER118.A,HBAcceptor,34,O,0,False,C=O
Best PR docking,242_62-4,-10.6505,GLU497.A,HBDonor,10,N,1,False,C[N+]
Best PR docking,242_62-4,-10.6505,GLU497.A,Cationic,10,N,1,False,C[N+]
Best PR docking,242_62-4,-10.6505,THR94.A,HBDonor,36,N,0,False,CN
Best PR docking,242_62-4,-10.6505,SER118.A,HBAcceptor,2,O,0,False,C=O
Best PR docking,201_35-10,-10.5986,GLU497.A,HBDonor,8,N,0,False,cNC
Best PR docking,201_35-10,-10.5986,GLU497.A,HBDonor,11,N,0,False,CNC
Best PR docking,201_35-10,-10.5986,ASN711.A,HBAcceptor,28,O,0,False,C=O
Best PR docking,201_35-10,-10.5986,ARG712.A,HBAcceptor,28,O,0,False,C=O
Best PR docking,201_35-10,-10.5986,SER118.A,HBAcceptor,2,O,0,False,C=O
Best PR docking,238_48-7,-10.596,THR94.A,HBDonor,0,N,0,False,CN
Best PR docking,330_56-7,-10.5737,GLU497.A,Cationic,23,N,1,False,C[N+](C)C
Best PR docking,330_56-7,-10.5737,THR94.A,HBDonor,14,N,0,False,CN
Best PR docking,330_56-7,-10.5737,ASN711.A,HBAcceptor,8,O,0,False,C=O
Best PR docking,330_56-7,-10.5737,ARG712.A,HBAcceptor,8,O,0,False,C=O
Best PR docking,278_52-1,-10.5549,THR94.A,HBDonor,0,N,1,False,C[N+]
Best PR docking,333_31-6,-10.3143,GLU497.A,Cationic,11,N,1,False,C[N+](C)C
Best PR docking,333_31-6,-10.3143,THR94.A,HBDonor,33,N,0,False,CN
Best PR docking,333_31-6,-10.3143,SER118.A,HBDonor,0,N,0,False,CN
Best PR docking,333_31-6,-10.3143,SER118.A,HBAcceptor,2,O,0,False,C=O
Best PR docking,244_38-5,-10.2031,PRO710.A,HBDonor,34,N,0,False,CN
Best PR docking,244_38-5,-10.2031,THR94.A,HBDonor,0,N,0,False,CN
Best PR docking,244_38-5,-10.2031,ARG712.A,HBDonor,8,N,1,False,C[N+](C)C
Weakest PR docking,291_58-1,-5.83905,GLU497.A,Cationic,13,N,1,False,C[N+](C)C
Weakest PR docking,291_58-1,-5.83905,PRO710.A,HBDonor,7,N,0,False,cNC
Weakest PR docking,347_8-1,-6.01744,GLU497.A,HBDonor,0,N,0,False,CN
Weakest PR docking,347_8-1,-6.01744,THR94.A,HBDonor,32,N,0,False,cN
Weakest PR docking,354_42-1,-6.29011,GLU497.A,HBDonor,2,N,0,False,CNC
Weakest PR docking,354_42-1,-6.29011,GLU497.A,HBDonor,43,N,0,True,cnc
Weakest PR docking,295_3-1,-6.31128,ARG712.A,HBDonor,7,N,0,False,cNC
Weakest PR docking,295_3-1,-6.31128,ARG712.A,HBDonor,10,N,0,False,CNC
Weakest PR docking,329_50-1,-6.46766,THR94.A,HBDonor,0,N,0,False,CN
Weakest PR docking,321_59-1,-6.61053,THR94.A,HBDonor,0,N,0,False,CN
Weakest PR docking,344_28-1,-6.63326,ARG712.A,PiCation,3,C,0,True,Cc(c)c
Weakest PR docking,344_28-1,-6.63326,ARG712.A,PiCation,4,C,0,True,ccc
Weakest PR docking,344_28-1,-6.63326,ARG712.A,PiCation,5,C,0,True,ccc
Weakest PR docking,344_28-1,-6.63326,ARG712.A,PiCation,6,C,0,True,cc(N)c
Weakest PR docking,344_28-1,-6.63326,ARG712.A,PiCation,46,C,0,True,ccc
Weakest PR docking,344_28-1,-6.63326,ARG712.A,PiCation,47,C,0,True,ccc
